get	captcha/<id?>	\think\captcha\CaptchaController@index	[]
get	doc/assets	\Api\Doc\DocController@assets	{"deny_ext":"php
get	doc/search	\Api\Doc\DocController@search	[]
get	doc/list	\Api\Doc\DocController@getList	[]
get	doc/info	\Api\Doc\DocController@getInfo	[]
*	doc/debug	\Api\Doc\DocController@debug	[]
*	doc/pass	\Api\Doc\DocController@pass	[]
*	doc/login	\Api\Doc\DocController@login	[]
*	doc	\Api\Doc\DocController@index	[]
get	admin123/index	admin/ViewAdmin/index	[]
get	admin123/plugins	admin/ViewPlugins/index	[]
get	admin123/clients	admin/ViewClients/clients	[]
get	admin123/clientsauthentication	admin/ViewClients/clientsauthentication	[]
get	admin123/clientsresources	admin/ViewClients/clientsresources	[]
get	admin123/resourcepool	admin/ViewClients/resourcepool	[]
get	admin123/salesstatistics	admin/ViewClients/salesstatistics	[]
get	admin123/affiliates	admin/ViewClients/affiliates	[]
get	admin123/massmailsms	admin/ViewClients/massmailsms	[]
get	admin123/configclientgroups	admin/ViewClients/configclientgroups	[]
get	admin123/configauthentication	admin/ViewClients/configauthentication	[]
get	admin123/configclientscustomfields	admin/ViewClients/configclientscustomfields	[]
get	admin123/configaffiliates	admin/ViewClients/configaffiliates	[]
get	admin123/configclientslevel	admin/ViewClients/configclientslevel	[]
get	admin123/clientssummary	admin/ViewClients/clientssummary	[]
get	admin123/clientsprofile	admin/ViewClients/clientsprofile	[]
get	admin123/clientsservices	admin/ViewClients/clientsservices	[]
get	admin123/clientsinvoices	admin/ViewClients/clientsinvoices	[]
get	admin123/clientstransactions	admin/ViewClients/clientstransactions	[]
get	admin123/clientscredit	admin/ViewClients/clientscredit	[]
get	admin123/clientssupporttickets	admin/ViewClients/clientssupporttickets	[]
get	admin123/clientslog	admin/ViewClients/clientslog	[]
get	admin123/clientsnoticelog	admin/ViewClients/clientsnoticelog	[]
get	admin123/clientsattach	admin/ViewClients/clientsattach	[]
get	admin123/clientsaffiliate	admin/ViewClients/clientsaffiliate	[]
get	admin123/clientscrm	admin/ViewClients/clientscrm	[]
get	admin123/clientsviewservices	admin/ViewClients/clientsviewservices	[]
get	admin123/clientssupportticketdetail	admin/ViewClients/clientssupportticketdetail	[]
get	admin123/viewinvoices	admin/ViewClients/viewinvoices	[]
get	admin123/ordersadd	admin/ViewClients/ordersadd	[]
get	admin123/createsupporttickets	admin/ViewClients/createsupporttickets	[]
get	admin123/clientsviewemail	admin/ViewClients/clientsviewemail	[]
get	admin123/orders	admin/ViewBusiness/orders	[]
get	admin123/orderdetail	admin/ViewBusiness/orderdetail	[]
get	admin123/trafficorder	admin/ViewBusiness/trafficorder	[]
get	admin123/productlist	admin/ViewBusiness/productlist	[]
get	admin123/cancelrequests	admin/ViewBusiness/cancelrequests	[]
get	admin123/transactions	admin/ViewFinance/transactions	[]
get	admin123/invoices	admin/ViewFinance/invoices	[]
get	admin123/withdrawdeposits	admin/ViewFinance/withdrawdeposits	[]
get	admin123/receipt	admin/ViewFinance/receipt	[]
get	admin123/configgateways	admin/ViewFinance/configgateways	[]
get	admin123/configpromotions	admin/ViewFinance/configpromotions	[]
get	admin123/configpromotionsadd	admin/ViewFinance/configpromotionsadd	[]
get	admin123/configcurrencies	admin/ViewFinance/configcurrencies	[]
get	admin123/configfund	admin/ViewFinance/configfund	[]
get	admin123/configreceipt	admin/ViewFinance/configreceipt	[]
get	admin123/addhelp	admin/ViewSystem/addhelp	[]
get	admin123/permissionsmanagment	admin/ViewSystem/permissionsmanagment	[]
get	admin123/smstemplateindex	admin/ViewSystem/smstemplateindex	[]
get	admin123/supportticket	admin/ViewWorkorder/supportticket	[]
get	admin123/supportstatistics	admin/ViewWorkorder/supportstatistics	[]
get	admin123/configticketdepartments	admin/ViewWorkorder/configticketdepartments	[]
get	admin123/configticketdepartmentsadd	admin/ViewWorkorder/configticketdepartmentsadd	[]
get	admin123/configticketstatuses	admin/ViewWorkorder/configticketstatuses	[]
get	admin123/configticketpass	admin/ViewWorkorder/configticketpass	[]
get	admin123/configproducts	admin/ViewGood/configproducts	[]
get	admin123/configproductoptionsedit	admin/ViewGood/configproductoptionsedit	[]
get	admin123/configproductoptionsaddon	admin/ViewGood/configproductoptionsaddon	[]
get	admin123/configtraffic	admin/ViewGood/configtraffic	[]
get	admin123/configservermodule	admin/ViewGood/configservermodule	[]
get	admin123/configservermoduleedit	admin/ViewGood/configservermoduleedit	[]
get	admin123/configdcimmoodule	admin/ViewGood/configdcimmoodule	[]
get	admin123/configdcimmooduleedit	admin/ViewGood/configdcimmooduleedit	[]
get	admin123/configzjmfcloud	admin/ViewGood/configzjmfcloud	[]
get	admin123/configproductoptions	admin/ViewGood/configproductoptions	[]
get	admin123/configproductoptionsgroup	admin/ViewGood/configproductoptionsgroup	[]
get	admin123/configproduct	admin/ViewGood/configproduct	[]
get	admin123/annualstatistics	admin/ViewStatistics/annualstatistics	[]
get	admin123/newcustomer	admin/ViewStatistics/newcustomer	[]
get	admin123/productrevenue	admin/ViewStatistics/productrevenue	[]
get	admin123/revenueranking	admin/ViewStatistics/revenueranking	[]
get	admin123/munualresource	admin/ViewResource/munualresource	[]
get	admin123/addOrEditresource	admin/ViewResource/addOrEditresource	[]
get	admin123/upStreamedit	admin/ViewResource/upStreamedit	[]
get	admin123/zjmfapi	admin/ViewResource/zjmfapi	[]
get	admin123/login_page	admin/Public/adPage	[]
post	admin123/login	admin/Public/ad_login	[]
get	admin123/get_verify_code	admin/Public/getVerifyCode	[]
post	admin123/second_verify_send	admin/Public/secondVerifySend	[]
get	admin123/app_store/set_token	admin/appStore/setToken	[]
get	admin123/app_store/check_token	admin/appStore/checkToken	[]
post	admin123/app_store/app/<id>/install	admin/appStore/install	[]
get	admin123/agent/checktoken	admin/public/checkToken	[]
get	admin123/verify	admin/Public/verify	[]
get	admin123/common	admin/common/common	[]
get	admin123/common/info_notice	admin/common/infoNotice	[]
get	admin123/common/get_getways	admin/common/getGetways	[]
get	admin123/common/get_email_tem	admin/common/getEmailTem	[]
get	admin123/common/get_client_groups	admin/common/getClientGroups	[]
get	admin123/common/get_product_list	admin/common/getProductList	[]
get	admin123/common/get_promo_code	admin/common/getPromoCode	[]
get	admin123/common/host_list	admin/common/getHostList	[]
get	admin123/common/get_sms_country	admin/common/getSmsCountry	[]
get	admin123/common/product_config_options	admin/common/getProductConfigOptions	[]
get	admin123/common/sale_list	admin/common/saleList	[]
get	admin123/common/get_upstream_ticket_department_list	admin/common/getUpstreamTicketDepartmentList	[]
post	admin123/order/getTotal	admin/order/getTotal/	[]
*	admin123/test	admin/test/index	[]
*	admin123/testview	admin/test/testview	[]
*	admin123/test2	admin/test/test2	[]
post	admin123/async_sms_message	admin/Public/asyncSmsMessage	[]
post	admin123/async_email_message	admin/Public/asyncEmailMessage	[]
post	admin123/async_system_message	admin/Public/asyncSystemMessage	[]
post	admin123/async	admin/Public/asyncEmail	[]
post	admin123/async_sms	admin/Public/asyncSms	[]
post	admin123/async_create	admin/Public/asyncCreateAccount	[]
post	admin123/async_curl_multi	admin/Public/asyncCurlMulti	[]
get	admin123/logout	admin/Public/ad_logout	[]
get	admin123/getClient	admin/Public/getClient	[]
get	admin123/getTicketDepartment	admin/Public/getTicketDepartment	[]
get	admin123/ad_login	admin/Public/login	[]
get	admin123/searchlist	admin/index/search	[]
*	admin123/searchlist	admin/sendMessageBatch/searchList	[]
get	admin123/searchlist1	admin/index/search1	[]
get	admin123/tablelist	admin/index/tableList	[]
get	admin123/namelist	admin/index/nameList	[]
post	admin123/searchfornamelist	admin/index/searchfornameList	[]
get	admin123/editlog	admin/index/editLog	[]
get	admin123/ad_index	admin/index/ad_index	[]
get	admin123/new_cap	admin/Captcha/index	[]
get	admin123/rbac	admin/rbac/index	[]
post	admin123/rbac	admin/rbac/addRole	[]
get	admin123/rbac/role_page	admin/rbac/addRolePage	[]
get	admin123/rbac/<id>	admin/rbac/editRolePage	[]
post	admin123/rbac/edit	admin/rbac/editRole	[]
delete	admin123/rbac/<id>/	admin/rbac/delete	[]
post	admin123/rbac/copyRole	admin/rbac/copyRole	[]
get	admin123/rbacpage	admin/rbacPage/index	[]
post	admin123/rbacpage	admin/rbacPage/addRole	[]
get	admin123/rbacpage/role_page	admin/rbacPage/addRolePage	[]
get	admin123/rbacpage/<id>	admin/rbacPage/editRolePage	[]
post	admin123/rbacpage/edit	admin/rbacPage/editRole	[]
delete	admin123/rbacpage/<id>/	admin/rbacPage/delete	[]
get	admin123/authorize/<id>	admin/rbac/ad_authorize	[]
post	admin123/authorize	admin/rbac/ad_authorizePost	[]
get	admin123/adminuser	admin/user/adminList	[]
post	admin123/adminuser	admin/user/create	[]
get	admin123/create_page	admin/user/createPage	[]
get	admin123/adminuser/<id>	admin/user/updatePage	[]
post	admin123/adminuser/update	admin/user/update	[]
delete	admin123/adminuser/<id>/	admin/user/delete	[]
get	admin123/ban/<id>/	admin/user/ban	[]
get	admin123/cancelBan/<id>/	admin/user/cancelBan	[]
get	admin123/user/edit_self_info_page	admin/user/editSelfInfoPage	[]
post	admin123/user/edit_self_info	admin/user/editSelfInfo	[]
get	admin123/user/get_black_list	admin/user/getBlackList	[]
post	admin123/user/remove_black_list	admin/user/removeBlackList	[]
post	admin123/tastes/editUserTanstes	admin/userTastes/editUserTanstes	[]
get	admin123/pl_index/<moduleName?>/	admin/plugin/plIndex	[]
post	admin123/pl_sort/<moduleName?>/	admin/plugin/plSort	[]
post	admin123/pl_copy	admin/plugin/plCopy	[]
post	admin123/pl_install	admin/plugin/plInstall	[]
post	admin123/pl_uninstall	admin/plugin/plUninstall	[]
post	admin123/pl_toggle	admin/plugin/plToggle	[]
get	admin123/pl_setting/<module?>/<id>	admin/plugin/plSetting	[]
post	admin123/pl_setting_post	admin/plugin/plSettingPost	[]
post	admin123/default_gateway	admin/plugin/defaultGateway	[]
post	admin123/pl_update	admin/plugin/plUpdate	[]
get	admin123/oauth	admin/oauth/listing	[]
post	admin123/oauth/active	admin/oauth/active	[]
get	admin123/oauth/config	admin/oauth/config	[]
post	admin123/oauth/config_post	admin/oauth/configSave	[]
post	admin123/oauth/suspend	admin/oauth/suspend	[]
get	admin123/get_user	admin/user_manage/getUser	[]
*	admin123/client_list	admin/user_manage/clientList	[]
get	admin123/client_list_resource	admin/user_manage/clientListRe	[]
*	admin123/bind_sale	admin/user_manage/hostBindSale	[]
get	admin123/summary	admin/user_manage/summary	[]
get	admin123/hostbyuid	admin/user_manage/hostByUid	[]
get	admin123/cerify_list	admin/user_manage/cerify_list	[]
get	admin123/cerify_log_list	admin/user_manage/cerifyLogList	[]
get	admin123/cerify_history_log	admin/user_manage/getCerifyHistoryLog	[]
get	admin123/certifi_person_detail/<client_id>	admin/user_manage/certifiPersonDetail	[]
get	admin123/certifi_company_detail/<client_id>	admin/user_manage/certifiCompanyDetail	[]
get	admin123/certifi_person_download	admin/user_manage/certifiPersonDownload	[]
get	admin123/certifi_download	admin/user_manage/certifiDownload	[]
post	admin123/certifi_status	admin/user_manage/certifiStatus	[]
get	admin123/relation_user_list	admin/user_manage/relationUserList	[]
get	admin123/user_invoice	admin/user_manage/userInvoice	[]
get	admin123/user_productinvoice	admin/user_manage/userProductInvoice	[]
get	admin123/user_productaccounts	admin/user_manage/userProductaccounts	[]
post	admin123/add_user_invoice	admin/user_manage/addUserInvoice	[]
post	admin123/add_record_log	admin/user_manage/addRecordLog	[]
post	admin123/add_remark_log	admin/user_manage/addRemarkLog	[]
get	admin123/track_record	admin/user_manage/getTrackRecord	[]
post	admin123/track_status	admin/user_manage/clientTrackStatus	[]
get	admin123/profile/getclients/<client_id>	admin/user_manage/getclients	[]
get	admin123/profile/<client_id>	admin/user_manage/profile	[]
post	admin123/profile_post	admin/user_manage/profilePost	[]
get	admin123/create_client	admin/user_manage/createClient	[]
post	admin123/create_client_post	admin/user_manage/createClientPost	[]
get	admin123/close_client/<uid>	admin/user_manage/closeClient	[]
get	admin123/delete_client/<uid>	admin/user_manage/deleteClient	[]
get	admin123/log_record	admin/user_manage/logRecord	[]
post	admin123/certifi_person_modify	admin/user_manage/certifiPersonModify	[]
post	admin123/certifi_company_modify	admin/user_manage/certifiCompanyModify	[]
get	admin123/login_by_user/<uid>	admin/user_manage/loginByUser	[]
post	admin123/add_recharge_invoice/<uid>	admin/user_manage/addRechargeInvoice	[]
get	admin123/request_cancel_list	admin/user_manage/requestCancelList	[]
delete	admin123/request_cancel_list/<id>	admin/user_manage/deleteCancelRequest	[]
get	admin123/request_cancel_reason	admin/user_manage/requestCancelReason	[]
post	admin123/request_cancel_reason_post	admin/user_manage/requestCancelReasonPost	[]
get	admin123/del_reason	admin/user_manage/DelReason	[]
get	admin123/get_client_notes	admin/user_manage/getClientNotes	[]
post	admin123/post_client_notes	admin/user_manage/postClientNotes	[]
get	admin123/authorInfo	admin/user_manage/authorInfo	[]
post	admin123/authorSubmit	admin/user_manage/authorSubmit	[]
get	admin123/provision/list	admin/provision/getModules	[]
get	admin123/provision/metadata	admin/provision/getMetaData	[]
get	admin123/provision/<id>	admin/provision/getModuleConfig	[]
post	admin123/provision/default	admin/provision/execute	[]
post	admin123/provision/custom	admin/provision/execAdmin	[]
post	admin123/password_reset	admin/set/passwordPost	[]
get	admin123/clear_cache	admin/set/clearCache	[]
get	admin123/custom_fields	admin/set/getCustomFields	[]
post	admin123/custom_fields	admin/set/postCustomFields	[]
post	admin123/del_custom_fields	admin/set/delCustomFields	[]
get	admin123/database_backup	admin/set/databaseBackups	[]
post	admin123/backup_ftp	admin/set/backupDatabaseFtp	[]
post	admin123/deactivete_ftp	admin/set/deactivateFtp	[]
post	admin123/backup_email	admin/set/backupEmail	[]
post	admin123/deactivete_email	admin/set/deactivateEmail	[]
get	admin123/servers_list	admin/config_servers/serversList	[]
get	admin123/groups_list	admin/config_servers/groupsList	[]
get	admin123/servers_add	admin/config_servers/addServers	[]
post	admin123/servers_add_post	admin/config_servers/addServersPost	[]
get	admin123/edit_servers/<id>	admin/config_servers/editServers	[]
post	admin123/edit_servers_post	admin/config_servers/editServersPost	[]
get	admin123/delete_servers/<id>	admin/config_servers/deleteServers	[]
get	admin123/create_groups	admin/config_servers/createGroups	[]
post	admin123/create_groups_post	admin/config_servers/createGroupsPost	[]
get	admin123/edit_server_groups/<id>	admin/config_servers/editServerGroups	[]
post	admin123/edit_server_groups_post	admin/config_servers/editServerGroupsPost	[]
get	admin123/delete_server_groups/<id>	admin/config_servers/deleteServerGroups	[]
get	admin123/server_test_link/<id>	admin/config_servers/testLink	[]
post	admin123/get_modules_group	admin/config_servers/getModulesGroup	[]
get	admin123/options/groups_list	admin/config_options/groupsList	[]
get	admin123/options/search_page	admin/config_options/searchPage	[]
get	admin123/options/create_groups	admin/config_options/createGroups	[]
post	admin123/options/create_groups_post	admin/config_options/createGroupsPost	[]
get	admin123/options/edit_groups/<gid>	admin/config_options/editGroups	[]
post	admin123/options/edit_groups_post	admin/config_options/editGroupsPost	[]
get	admin123/options/add_options_page	admin/config_options/addOptionsPage	[]
post	admin123/options/add_options	admin/config_options/addOptions	[]
get	admin123/options/delete_sub_options/<subid>	admin/config_options/deleteSubOptions	[]
get	admin123/options/delete_options/<cid>	admin/config_options/deleteOptions	[]
get	admin123/options/delete_groups/<gid>	admin/config_options/deleteGroups	[]
get	admin123/options/duplicate_groups	admin/config_options/duplicateGroups	[]
post	admin123/options/duplicate_groups_post	admin/config_options/duplicateGroupsPost	[]
get	admin123/options/config_options_check_os	admin/config_options/configOptionsCheckOs	[]
post	admin123/options/config_options_check_os/<pid>	admin/config_options/configOptionsOs	[]
get	admin123/options/edit_config/<cid>	admin/config_options/editConfig	[]
post	admin123/options/edit_config_post	admin/config_options/editConfigPost	[]
post	admin123/options/saveLinkAgeLevel	admin/config_options/saveLinkAgeLevel	[]
post	admin123/options/saveLinkAgeOrder	admin/config_options/saveLinkAgeOrder	[]
post	admin123/options/delLinkAgeSub	admin/config_options/delLinkAgeSub	[]
post	admin123/options/saveConfigOptionInfo	admin/config_options/saveConfigOptionInfo	[]
get	admin123/options/getNextLinkAgeList	admin/config_options/getNextLinkAgeList	[]
get	admin123/currency/currency_list	admin/currency/currencyList	[]
post	admin123/currency/add_currency	admin/currency/addCurrency	[]
get	admin123/currency/edit_currency/<id>	admin/currency/editCurrency	[]
post	admin123/currency/edit_currency_post	admin/currency/editCurrencyPost	[]
get	admin123/currency/delete_currency/<id>	admin/currency/deleteCurrency	[]
get	admin123/currency/update_rate	admin/currency/updateRate	[]
get	admin123/currency/default_currency/<id>	admin/currency/defaultCurrency	[]
get	admin123/currency/update_price	admin/currency/updatePrice	[]
get	admin123/email_template/send_email	admin/email_template/sendEmail	[]
get	admin123/email_template/email_list	admin/email_template/emailList	[]
post	admin123/email_template/operator_switch	admin/email_template/emailOperatorSwitch	[]
get	admin123/email_template/create_template	admin/email_template/createTemplate	[]
post	admin123/email_template/create_template_post	admin/email_template/createTemplatePost	[]
get	admin123/email_template/edit_template/<id>	admin/email_template/editTemplate	[]
post	admin123/email_template/edit_template_post	admin/email_template/editTemplatePost	[]
get	admin123/email_template/manage_language	admin/email_template/manageLanguages	[]
post	admin123/email_template/manage_language_post	admin/email_template/manageLanguagesPost	[]
post	admin123/email_template/disabled	admin/email_template/disabled	[]
get	admin123/email_template/delete_template/<id>	admin/email_template/deleteTemplate	[]
post	admin123/email_template/disabled_template	admin/email_template/disabledTemplate	[]
get	admin123/knowledge_base/index	admin/knowledge_base/index	[]
get	admin123/knowledge_base/category_list/<cid>	admin/knowledge_base/categoryList	[]
post	admin123/knowledge_base/tags_list	admin/knowledge_base/tagsList	[]
post	admin123/knowledge_base/add_category	admin/knowledge_base/addCategory	[]
post	admin123/knowledge_base/add_article	admin/knowledge_base/addArticle	[]
get	admin123/knowledge_base/edit_article/<id>	admin/knowledge_base/editArticle	[]
post	admin123/knowledge_base/edit_article_post	admin/knowledge_base/editArticlePost	[]
post	admin123/knowledge_base/upload	admin/knowledge_base/uploadHandle	[]
get	admin123/knowledge_base/delete_article/<id>	admin/knowledge_base/deleteArticle	[]
get	admin123/knowledge_base/edit_category/<id>	admin/knowledge_base/editCategory	[]
post	admin123/knowledge_base/edit_category_post	admin/knowledge_base/editCategoryPost	[]
get	admin123/knowledge_base/delete_category/<id>	admin/knowledge_base/deleteCategory	[]
get	admin123/config_general/<action>	get<action>	[]
post	admin123/config_general/<action>	post<action>	[]
put	admin123/config_general/<action>	put<action>	[]
delete	admin123/config_general/<action>	delete<action>	[]
patch	admin123/config_general/<action>	patch<action>	[]
get	admin123/config_general/header	admin/config_general/getHeader	[]
get	admin123/config_general/new_login	admin/config_general/getNewLoginPage	[]
post	admin123/config_general/new_login	admin/config_general/postNewLoginPage	[]
get	admin123/config_general/affiliate	admin/config_general/getAffiliate	[]
*	admin123/config_general/postaffiliate	admin/config_general/postAffiliate	[]
get	admin123/affladder	admin/config_general/ladderList	[]
*	admin123/aff/add_affladder	admin/config_general/addAffLadder	[]
get	admin123/aff/edit_affladderpage	admin/config_general/editAffLadderPage	[]
*	admin123/aff/edit_affladder	admin/config_general/editAffLadder	[]
get	admin123/aff/del_affladder	admin/config_general/delAffLadder	[]
get	admin123/config_general/invoice	admin/config_general/getInvoice	[]
post	admin123/config_general/invoice	admin/config_general/postInvoice	[]
get	admin123/config_general/email_index	admin/config_general/emailIndex	[]
post	admin123/config_general/email_index_post	admin/config_general/emailIndexPost	[]
post	admin123/config_general/send_email	admin/config_general/sendEmailTest	[]
get	admin123/config_general/certifi_index	admin/config_general/certifiIndex	[]
post	admin123/config_general/certifi_index_post	admin/config_general/certifiIndexPost	[]
get	admin123/config_general/mobile_index	admin/config_general/mobileIndex	[]
post	admin123/config_general/mobile_index_post	admin/config_general/mobileIndexPost	[]
get	admin123/config_general/lang_list	admin/config_general/langList	[]
post	admin123/config_general/set_admin_lang	admin/config_general/setAdminLang	[]
get	admin123/config_general/support_indeuploadFilex	admin/config_general/supportIndex	[]
post	admin123/config_general/batch_send_email	admin/config_general/batchSendEmail	[]
post	admin123/config_general/submail_send_message	admin/config_general/SubmailSendMessage	[]
get	admin123/config_general/register_login_page	admin/config_general/registerLoginPage	[]
post	admin123/config_general/register_login	admin/config_general/registerLogin	[]
get	admin123/config_general/captcha_page	admin/config_general/getcaptcha_page	[]
post	admin123/config_general/register_login_captcha	admin/config_general/postregister_login_captcha	[]
get	admin123/config_general/invoice_page	admin/config_general/invoicePage	[]
post	admin123/config_general/invoice_post	admin/config_general/invoicePost	[]
get	admin123/config_general/productgroup_page	admin/config_general/productgroupPage	[]
get	admin123/config_general/productgroup_list	admin/config_general/productgroupList	[]
post	admin123/config_general/productgroup	admin/config_general/productGroupPost	[]
get	admin123/config_general/navgrouporder	admin/config_general/navGroupOrder	[]
get	admin123/config_general/buy_product_page	admin/config_general/getBuyProductPage	[]
post	admin123/config_general/buy_product	admin/config_general/postBuyProduct	[]
get	admin123/config_market/app_manage_index	admin/config_market/appManageIndex	[]
post	admin123/config_market/app_manage_index_post	admin/config_market/appManageIndexPost	[]
get	admin123/config_market/withdraw_manage_index	admin/config_market/withdrawManageIndex	[]
post	admin123/config_market/withdraw_manage_index_post	admin/config_market/withdrawManageIndexPost	[]
get	admin123/config_market/activity_banner_list	admin/config_market/activityBannerList	[]
post	admin123/config_market/activity_banner	admin/config_market/postActivityBanner	[]
put	admin123/config_market/activity_banner	admin/config_market/putActivityBanner	[]
delete	admin123/config_market/activity_banner	admin/config_market/deleteActivityBanner	[]
get	admin123/certifi_alipay_detail	admin/config_certifi/detail	[]
get	admin123/certifi_alipay_biz_code	admin/config_certifi/alipay_biz_code	[]
get	admin123/certifi_three_type	admin/config_certifi/alipay_three_type	[]
get	admin123/certifi_type	admin/config_certifi/type	[]
get	admin123/certifi_types	admin/config_certifi/types	[]
put	admin123/certifi_alipay	admin/config_certifi/update	[]
get	admin123/config_certifi/setting	admin/config_certifi/setting	[]
post	admin123/config_certifi/setting	admin/config_certifi/settingPost	[]
post	admin123/upload_author	admin/upload/uploadAuthor	[]
post	admin123/uploadCertificate	admin/upload/uploadCertificate	[]
get	admin123/config_certifi/authorDown	admin/config_certifi/authorDown	[]
get	admin123/config_certifi/authorDel	admin/config_certifi/authorDel	[]
get	admin123/config_message/config_mobile	admin/config_message/configMobile	[]
post	admin123/config_message/config_mobile_post	admin/config_message/configMobilePost	[]
get	admin123/config_message/template_list	admin/config_message/templateList	[]
get	admin123/config_message/create_template_page	admin/config_message/createTemplatePage	[]
post	admin123/config_message/create_template	admin/config_message/createTemplate	[]
get	admin123/config_message/update_template/<id>	admin/config_message/updateTemplate	[]
post	admin123/config_message/update_template_post	admin/config_message/updateTemplatePost	[]
get	admin123/config_message/update_tem_status	admin/config_message/updateTemStatus	[]
post	admin123/config_message/check_post	admin/config_message/checkPost	[]
get	admin123/config_message/delete_template	admin/config_message/deleteTemplate	[]
get	admin123/config_message/set_sms	admin/config_message/SetSmsTemplate	[]
post	admin123/config_message/set_sms_post	admin/config_message/SetSmsTemplatePost	[]
post	admin123/config_message/test_message_template	admin/config_message/testMessageTemplate	[]
get	admin123/config_message/test_message_template_page	admin/config_message/testMessageTemplatePage	[]
post	admin123/config_message/send_sms	admin/config_message/sendSmsTest	[]
get	admin123/config_message/mobiletemplate_list	admin/config_message/mobiletemplateList	[]
get	admin123/email_template/emailtemplate_list	admin/config_message/emailtemplateList	[]
post	admin123/config_message/sendmessage_post	admin/config_message/sendMessagePost	[]
post	admin123/config_message/send_email	admin/config_message/sendEmailTest	[]
get	admin123/config_message/get_template_desc	admin/config_message/getTemplateDesc	[]
get	admin123/client_care/search_condition	admin/client_care/searchCondition	[]
get	admin123/client_care/care_list	admin/client_care/careList	[]
get	admin123/client_care/create_care	admin/client_care/createCare	[]
post	admin123/client_care/create_care_post	admin/client_care/createCarePost	[]
get	admin123/client_care/edit_care/<id>	admin/client_care/editCare	[]
post	admin123/client_care/edit_care_post	admin/client_care/editCare	[]
get	admin123/client_care/delete_care/<id>	admin/client_care/deleteCare	[]
get	admin123/client_care/test	admin/client_care/test	[]
get	admin123/contract/setting	admin/contract/setting	[]
post	admin123/contract/setting	admin/contract/settingPost	[]
get	admin123/contract/detail/<id?>	admin/contract/detail	[]
post	admin123/contract/detail/<id?>	admin/contract/detailPost	[]
get	admin123/contract/tpl	admin/contract/tpl	[]
delete	admin123/contract/tpl/<id>	admin/contract/deleteTpl	[]
get	admin123/contract/contract	admin/contract/contract	[]
post	admin123/contract/cancel	admin/contract/cancel	[]
get	admin123/contract/download/<id>	admin/contract/download	[]
post	admin123/contract/contract/<id>	admin/contract/contractPost	[]
post	admin123/contract/cancel_post/<id>	admin/contract/cancelPost	[]
post	admin123/contract/check	admin/contract/check	[]
post	admin123/contract/delete	admin/contract/delete	[]
get	admin123/contract/contract_page	admin/contract/contractPage	[]
post	admin123/contract/contract_page/<id>	admin/contract/contractPagePost	[]
get	admin123/report/base_info	admin/report/baseInfo	[]
get	admin123/report/get_base_module	admin/report/getSystemInfoModulesList	[]
post	admin123/report/update_base_module	admin/report/updateSystemInfoModulesSort	[]
get	admin123/year_reports	admin/reports/getYearIncomeStatistics	[]
get	admin123/year_reports_chart	admin/reports/getYearIncomeStatisticsForChart	[]
get	admin123/new_client	admin/reports/getNewClientStatistics	[]
get	admin123/forward_client	admin/reports/rankForwardClient	[]
get	admin123/product_income	admin/reports/productIncome	[]
get	admin123/product_list_page	admin/product/getProuductlistPage	[]
post	admin123/update_firstgroupsort	admin/product/updateFirstGroupsort	[]
post	admin123/update_groupsort	admin/product/updateGroupsort	[]
post	admin123/update_productsort	admin/product/updateProductsort	[]
get	admin123/edit_product_first_group_page	admin/product/editFirstGroupPage	[]
post	admin123/save_product_first_group	admin/product/saveProductFirstGroup	[]
get	admin123/edit_product_group_page	admin/product/editGroupPage	[]
post	admin123/save_product_group	admin/product/saveProductGroup	[]
post	admin123/check_product_as	admin/product/checkAlias	[]
get	admin123/del_product	admin/product/delete	[]
get	admin123/del_product_group	admin/product/deleteGroup	[]
get	admin123/del_product_first_group	admin/product/deleteFirstGroup	[]
get	admin123/add_product_page	admin/product/addPage	[]
post	admin123/create_product	admin/product/create	[]
get	admin123/product_duplicate_page	admin/product/duplicatePage	[]
post	admin123/product_duplicate	admin/product/duplicate	[]
get	admin123/edit_product_page/<id>	admin/product/editPage	[]
post	admin123/edit_product	admin/product/edit	[]
*	admin123/edit_stock	admin/product/editStock	[]
post	admin123/product_manage_downloads	admin/product/managedownloads	[]
get	admin123/product_downloadcates	admin/product/downloadcates	[]
get	admin123/product_selectcates	admin/product/selectcates	[]
post	admin123/product_del_custom	admin/product/delCustomField	[]
get	admin123/get_api_list	admin/product/getApiList	[]
get	admin123/get_upstream_products	admin/product/getUpstreamProducts	[]
get	admin123/product/productgroup	admin/product/groupList	[]
get	admin123/product/add_productgrouppage	admin/product/addProductgroupPage	[]
*	admin123/product/add_productgroup	admin/product/addProductgroup	[]
get	admin123/product/edit_productgrouppage	admin/product/editProductgroupPage	[]
*	admin123/product/edit_productgroup	admin/product/editProductgroup	[]
get	admin123/product/del_productgroup	admin/product/delProductgroup	[]
get	admin123/product/zklist_page	admin/product/zklistPage	[]
*	admin123/product/edit_userproductgroup	admin/product/editUserProductgroup	[]
get	admin123/product/select_type	admin/product/selectType	[]
post	admin123/product/sync_product_info	admin/product/syncProductInfo	[]
get	admin123/product/get_upstream_price	admin/product/getUpstreamPrice	[]
get	admin123/add_promo_code/page	admin/promo_code/addPage	[]
post	admin123/add_promo_code	admin/promo_code/add	[]
get	admin123/save_promo_code/page	admin/promo_code/savePage	[]
post	admin123/save_promo_code	admin/promo_code/save	[]
post	admin123/delete_promo_code	admin/promo_code/delete	[]
post	admin123/expired_promo_code	admin/promo_code/expireImmediately	[]
get	admin123/list_promo_code	admin/promo_code/getList	[]
get	admin123/auto_promo_code	admin/promo_code/autoPromoCode	[]
get	admin123/list_promo_code/<id>	admin/promo_code/getDetail	[]
get	admin123/get_ticket_department	admin/ticket_department/addPage	[]
post	admin123/add_ticket_department	admin/ticket_department/add	[]
post	admin123/save_ticket_department	admin/ticket_department/save	[]
post	admin123/delete_ticket_department	admin/ticket_department/delete	[]
post	admin123/movedown_ticket_department	admin/ticket_department/moveDown	[]
post	admin123/moveup_ticket_department	admin/ticket_department/moveUp	[]
get	admin123/list_ticket_department	admin/ticket_department/getList	[]
get	admin123/list_ticket_department/<id>	admin/ticket_department/getDetail	[]
post	admin123/add_ticket_status	admin/ticket_status/add	[]
post	admin123/save_ticket_status	admin/ticket_status/save	[]
post	admin123/delete_ticket_status	admin/ticket_status/delete	[]
get	admin123/list_ticket_status	admin/ticket_status/getList	[]
get	admin123/list_ticket_status/<id>	admin/ticket_status/getDetail	[]
get	admin123/get_custom_param_type	admin/ticket_department/getCustomParamType	[]
get	admin123/add_ticket_custom_param	admin/ticket_department/addTicketCustomParam	[]
get	admin123/get_ticket_param_val	admin/ticket_department/getTicketParamVal	[]
get	admin123/edit_ticket_custom_param	admin/ticket_department/editTicketCustomParam	[]
get	admin123/del_ticket_custom_param	admin/ticket_department/delTicketCustomParam	[]
get	admin123/get_ticket_deliver	admin/ticket_deliver/addPage	[]
post	admin123/add_ticket_deliver	admin/ticket_deliver/add	[]
post	admin123/save_ticket_deliver	admin/ticket_deliver/save	[]
post	admin123/delete_ticket_deliver	admin/ticket_deliver/delete	[]
get	admin123/list_ticket_deliver	admin/ticket_deliver/getList	[]
get	admin123/ticket_prereply_list	admin/ticket_prereply/replyList	[]
post	admin123/add_ticket_prereply_category	admin/ticket_prereply/addCategory	[]
get	admin123/add_ticket_prereply_category/page	admin/ticket_prereply/editCategoryPage	[]
post	admin123/save_ticket_prereply_category	admin/ticket_prereply/editCategory	[]
get	admin123/delete_ticket_prereply_category/<id>	admin/ticket_prereply/deleteCategory	[]
get	admin123/add_ticket_prereply/page	admin/ticket_prereply/addPrereplyPage	[]
post	admin123/add_ticket_prereply	admin/ticket_prereply/addPrereply	[]
get	admin123/save_ticket_prereply/page	admin/ticket_prereply/savePrereplyPage	[]
post	admin123/save_ticket_prereply	admin/ticket_prereply/savePrereply	[]
post	admin123/search_ticket_prereply	admin/ticket_prereply/searchPrereply	[]
delete	admin123/ticket_prereply/<id>/	admin/ticket_prereply/deletePrereply	[]
get	admin123/add_ticket_page	admin/ticket/createPage	[]
post	admin123/add_ticket	admin/ticket/add	[]
get	admin123/list_ticket	admin/ticket/getList	[]
get	admin123/ticket_detail_host	admin/ticket/getTicketDetailHost	[]
post	admin123/reply_ticket	admin/ticket/reply	[]
post	admin123/merge_ticket	admin/ticket/mergeTicket	[]
post	admin123/close_ticket	admin/ticket/closeTicket	[]
post	admin123/delete_ticket	admin/ticket/deleteTicket	[]
post	admin123/add_ticket_note	admin/ticket/addNote	[]
post	admin123/save_ticket_reply	admin/ticket/saveReply	[]
post	admin123/delete_ticket_note	admin/ticket/deleteNote	[]
post	admin123/delete_ticket_reply	admin/ticket/deleteReply	[]
post	admin123/delete_ticket_attachment	admin/ticket/deleteAttachment	[]
get	admin123/download_ticket_attachment	admin/ticket/downloadAttachment	[]
get	admin123/list_ticket/<id>	admin/ticket/ticketDetail	[]
post	admin123/save_ticket	admin/ticket/saveTicket	[]
get	admin123/client_ticket	admin/ticket/getClientTicketPage	[]
get	admin123/ticket_statistics	admin/ticket/ticketStatistics	[]
put	admin123/ticket_receive	admin/ticket/ticketReceive	[]
get	admin123/ticket_transfer_list	admin/ticket/ticketTransferList	[]
put	admin123/ticket_transfer	admin/ticket/ticketTransfer	[]
get	admin123/cron_page	admin/cron/detail	[]
post	admin123/save_cron	admin/cron/saveCron	[]
post	admin123/invoices_createnew	admin/invoice/createRenew	[]
get	admin123/get_combine_invoices	admin/invoice/getCombineInvoices	[]
post	admin123/combine_invoices	admin/invoice/combineInvoices	[]
get	admin123/order/search_page	admin/order/searchPage	[]
get	admin123/order/search	admin/order/index	[]
post	admin123/order/order_commission	admin/order/indexPost	[]
get	admin123/order/saleorder	admin/order/indexSale	[]
get	admin123/order/check	admin/order/check	[]
get	admin123/order/cancel	admin/order/cancel	[]
delete	admin123/orders/delete	admin/order/delete	[]
get	admin123/order/create_page	admin/order/createPage	[]
get	admin123/order/getclients	admin/order/getClients	[]
post	admin123/order/create	admin/order/save	[]
get	admin123/orders/set_config	admin/Order/setConfig	[]
post	admin123/orders_search	admin/Order/search	[]
post	admin123/get_total	admin/Order/getMultiTotal	[]
get	admin123/orders/<id>	admin/Order/read	[]
post	admin123/orders/notes	admin/Order/notes	[]
post	admin123/orders/active	admin/Order/active	[]
post	admin123/orders/change_status	admin/Order/changeStatus	[]
get	admin123/order/promo_code_page	admin/Order/customPromoPage	[]
post	admin123/order/save_promo_code	admin/Order/customPromo	[]
get	admin123/invoice/search_page	admin/invoice/searchPage	[]
get	admin123/invoice/index	admin/invoice/index	[]
get	admin123/invoice/paid	admin/invoice/paid	[]
get	admin123/invoice/unpaid	admin/invoice/unpaid	[]
get	admin123/invoice/cancelled	admin/invoice/cancelled	[]
delete	admin123/invoice/delete	admin/invoice/delete	[]
get	admin123/invoice/duplicate	admin/invoice/duplicate	[]
get	admin123/invoice/summary/<id>	admin/invoice/summary	[]
get	admin123/invoice/addpay_page/<id>	admin/invoice/addPayPage	[]
post	admin123/invoice/addpay	admin/invoice/addPay	[]
get	admin123/invoice/option_page/<id>	admin/invoice/optionPage	[]
post	admin123/invoice/option	admin/invoice/option	[]
get	admin123/invoice/add_pay_invoice_page/<id>	admin/invoice/addPayInvoicePage	[]
post	admin123/invoice/add_pay_invoice	admin/invoice/addPayInvoice	[]
post	admin123/invoice/apply_credit_limit	admin/invoice/applyCreditLimit	[]
post	admin123/invoice/delete_pay_invoice	admin/invoice/deletePayInvoice	[]
get	admin123/invoice/refund_page	admin/invoice/refundPage	[]
post	admin123/invoice/refund	admin/invoice/refund	[]
get	admin123/invoice/notes_page	admin/invoice/notesPage	[]
post	admin123/invoice/notes	admin/invoice/notes	[]
post	admin123/invoice/email	admin/Invoice/invoceEmail	[]
post	admin123/invoice/edit_item	admin/invoice/editItem	[]
delete	admin123/invoice/delete_item	admin/invoice/deleteItems	[]
delete	admin123/invoice/delete_account/<id>	admin/invoice/delAccount	[]
get	admin123/invoice/renew	admin/invoice/renew	[]
get	admin123/invoice/log_list	admin/invoice/invoiceLog	[]
get	admin123/search_page	admin/account/searchPage	[]
get	admin123/accounts	admin/account/index	[]
post	admin123/accounts	admin/account/save	[]
get	admin123/accounts/create	admin/account/create	[]
get	admin123/accounts/createinvoice	admin/account/createInvoice	[]
get	admin123/accounts/<id>	admin/account/read	[]
put	admin123/accounts/<id>	admin/account/update	[]
delete	admin123/accounts/<id>	admin/account/delete	[]
post	admin123/accounts_search	admin/account/search	[]
post	admin123/credit/reduce	admin/credit/reduce	[]
get	admin123/credit_limit	admin/credit_limit/index	[]
post	admin123/credit_limit	admin/credit_limit/save	[]
put	admin123/credit_limit	admin/credit_limit/update	[]
delete	admin123/credit_limit	admin/credit_limit/delete	[]
get	admin123/credit_limit/log	admin/credit_limit/log	[]
get	admin123/credit_limit/list	admin/credit_limit/list	[]
get	admin123/credit_limit/user_invoice	admin/credit_limit/userInvoice	[]
get	admin123/credit_limit/user_invoice_detail	admin/credit_limit/creditLimitInvoice	[]
get	admin123/credit_limit/client_list	admin/credit_limit/clientList	[]
get	admin123/credit_limit/config	admin/credit_limit/getConfig	[]
post	admin123/credit_limit/config	admin/credit_limit/postConfig	[]
get	admin123/downloads/<action>	get<action>	[]
post	admin123/downloads/<action>	post<action>	[]
put	admin123/downloads/<action>	put<action>	[]
delete	admin123/downloads/<action>	delete<action>	[]
patch	admin123/downloads/<action>	patch<action>	[]
delete	admin123/downloads/cat/<id>	admin/Downloads/deleteCat	[]
get	admin123/downloads/edit/<id>	admin/Downloads/getEdit	[]
delete	admin123/downloads/file	admin/Downloads/deleteFile	[]
get	admin123/downloads/file/id/<id>	admin/Downloads/getFile	[]
post	admin123/downloads/savefile	admin/Downloads/postSaveFile	[]
get	admin123/downloads/userdownlist	admin/Downloads/getUserDownList	[]
get	admin123/downloads/getuserfile	admin/Downloads/getUserFile	[]
post	admin123/downloads/uploaduserfile	admin/Downloads/postUploadUserFile	[]
get	admin123/downloads/userfile	admin/Downloads/deleteUserFile	[]
post	admin123/downloads/adduserfile	admin/Downloads/postAddUserFile	[]
get	admin123/downloads/userfilepage	admin/Downloads/getUserFilePage	[]
post	admin123/downloads/saveuserfile	admin/Downloads/postSaveUserFile	[]
get	admin123/announce/<action>	get<action>	[]
post	admin123/announce/<action>	post<action>	[]
put	admin123/announce/<action>	put<action>	[]
delete	admin123/announce/<action>	delete<action>	[]
patch	admin123/announce/<action>	patch<action>	[]
get	admin123/news/<action>	get<action>	[]
post	admin123/news/<action>	post<action>	[]
put	admin123/news/<action>	put<action>	[]
delete	admin123/news/<action>	delete<action>	[]
patch	admin123/news/<action>	patch<action>	[]
get	admin123/demo/<action>	get<action>	[]
post	admin123/demo/<action>	post<action>	[]
put	admin123/demo/<action>	put<action>	[]
delete	admin123/demo/<action>	delete<action>	[]
patch	admin123/demo/<action>	patch<action>	[]
get	admin123/clients_services/<action>	get<action>	[]
post	admin123/clients_services/<action>	post<action>	[]
put	admin123/clients_services/<action>	put<action>	[]
delete	admin123/clients_services/<action>	delete<action>	[]
patch	admin123/clients_services/<action>	patch<action>	[]
get	admin123/clients_services	admin/ClientsServices/index	[]
get	admin123/clients_services/get_product_list	admin/clients_services/getProductList	[]
get	admin123/clients_services/host_renew	admin/clients_services/hostRenew	[]
post	admin123/clients_services/host_batch_renew_page	admin/clients_services/postBatchRenewPage	[]
post	admin123/clients_services/host_batch_renew	admin/clients_services/postBatchRenew	[]
get	admin123/clients_services/apply_credit_page	admin/clients_services/getApplyCreditPage	[]
post	admin123/clients_services/apply_credit	admin/clients_services/applyCredit	[]
get	admin123/clients_services/host_suspend	admin/clients_services/suspendPage	[]
post	admin123/clients_services/host_suspend	admin/clients_services/suspend	[]
post	admin123/clients_services/upgrade_config	admin/clients_services/upgradeConfig	[]
post	admin123/clients_services/upgrade_product	admin/clients_services/upgradeProduct	[]
get	admin123/clients_services/refund_page	admin/clients_services/getRefundPage	[]
post	admin123/clients_services/refund	admin/clients_services/refund	[]
get	admin123/adminGetLinkAgeList	admin/clients_services/adminGetLinkAgeList	[]
get	admin123/cancel_request/<action>	get<action>	[]
post	admin123/cancel_request/<action>	post<action>	[]
put	admin123/cancel_request/<action>	put<action>	[]
delete	admin123/cancel_request/<action>	delete<action>	[]
patch	admin123/cancel_request/<action>	patch<action>	[]
get	admin123/host/<action>	get<action>	[]
post	admin123/host/<action>	post<action>	[]
put	admin123/host/<action>	put<action>	[]
delete	admin123/host/<action>	delete<action>	[]
patch	admin123/host/<action>	patch<action>	[]
get	admin123/host/get_timetype	admin/Host/getTimetype	[]
post	admin123/host/userInfo	admin/Host/userInfo	[]
get	admin123/send_message/<action>	get<action>	[]
post	admin123/send_message/<action>	post<action>	[]
put	admin123/send_message/<action>	put<action>	[]
delete	admin123/send_message/<action>	delete<action>	[]
patch	admin123/send_message/<action>	patch<action>	[]
get	admin123/client_contacts/<action>	get<action>	[]
post	admin123/client_contacts/<action>	post<action>	[]
put	admin123/client_contacts/<action>	put<action>	[]
delete	admin123/client_contacts/<action>	delete<action>	[]
patch	admin123/client_contacts/<action>	patch<action>	[]
get	admin123/system/<action>	get<action>	[]
post	admin123/system/<action>	post<action>	[]
put	admin123/system/<action>	put<action>	[]
delete	admin123/system/<action>	delete<action>	[]
patch	admin123/system/<action>	patch<action>	[]
get	admin123/log_record/systemlog	admin/log_record/getSystemLog	[]
get	admin123/log_record/cronsystemlog	admin/log_record/getCronSystemLog	[]
get	admin123/log_record/adminlog	admin/log_record/getAdminLog	[]
get	admin123/log_record/userlog	admin/log_record/getUserLog	[]
get	admin123/log_record/notifylog	admin/log_record/getNotifyLog	[]
get	admin123/log_record/emaillog	admin/log_record/getEmailLog	[]
get	admin123/log_record/emaildetail/<id>	admin/log_record/getEmailDetail	[]
get	admin123/log_record/smslog	admin/log_record/getSmsLog	[]
get	admin123/log_record/smslogm	admin/log_record/getSmsLogM	[]
get	admin123/log_record/system_message_log	admin/log_record/getSystemMessageLog	[]
get	admin123/log_record/api_log	admin/log_record/getApiLog	[]
get	admin123/log_record/delete_log_page	admin/log_record/getDeleteLogPage	[]
get	admin123/log_record/affirm_delete_log_page	admin/log_record/getAffirmDeleteLogPage	[]
delete	admin123/log_record/delete_log	admin/log_record/deleteLog	[]
post	admin123/upload	admin/upload/upload	[]
post	admin123/upload_image	admin/upload/uploadImage	[]
post	admin123/upload_file	admin/upload/uploadFile	[]
post	admin123/dcim/flowpacket	admin/dcim/addFlowPacket	[]
put	admin123/dcim/flowpacket	admin/dcim/editFlowPacket	[]
delete	admin123/dcim/flowpacket	admin/dcim/delFlowPacket	[]
get	admin123/dcim/flowpacket	admin/dcim/listFlowPacket	[]
get	admin123/dcim/flowpacket_page	admin/dcim/addFlowPacketPage	[]
get	admin123/dcim/flowpacket_page/<id>	admin/dcim/editFlowPacketPage	[]
get	admin123/dcim/buy_record	admin/dcim/listBuyRecord	[]
delete	admin123/dcim/buy_record	admin/dcim/delRecord	[]
post	admin123/dcim/server	admin/dcim/addServer	[]
put	admin123/dcim/server	admin/dcim/editServer	[]
delete	admin123/dcim/server	admin/dcim/delServer	[]
get	admin123/dcim/server	admin/dcim/serverList	[]
get	admin123/dcim/server/<id>	admin/dcim/serverDetail	[]
get	admin123/dcim/server/<id>/status	admin/dcim/refreshServerStatus	[]
get	admin123/dcim/server/status	admin/dcim/refreshAllServerStatus	[]
post	admin123/dcim/on	admin/dcim/on	[]
post	admin123/dcim/off	admin/dcim/off	[]
post	admin123/dcim/reboot	admin/dcim/reboot	[]
post	admin123/dcim/bmc	admin/dcim/bmc	[]
post	admin123/dcim/kvm	admin/dcim/kvm	[]
post	admin123/dcim/ikvm	admin/dcim/ikvm	[]
get	admin123/dcim/download	admin/dcim/download	[]
post	admin123/dcim/reinstall	admin/dcim/reinstall	[]
get	admin123/dcim/resintall_status	admin/dcim/getReinstallStatus	[]
post	admin123/dcim/rescue	admin/dcim/rescue	[]
post	admin123/dcim/crack_pass	admin/dcim/crackPass	[]
get	admin123/dcim/traffic_usage	admin/dcim/getTrafficUsage	[]
post	admin123/dcim/cancel_task	admin/dcim/cancelReinstall	[]
post	admin123/dcim/unsuspend_reinstall	admin/dcim/unsuspendReload	[]
post	admin123/dcim/traffic	admin/dcim/traffic	[]
post	admin123/dcim/novnc	admin/dcim/novnc	[]
get	admin123/dcim/novnc	admin/dcim/novncPage	[]
get	admin123/dcim/detail	admin/dcim/detail	[]
get	admin123/dcim/sales	admin/dcim/getSalesServer	[]
post	admin123/dcim/assign	admin/dcim/assignServer	[]
delete	admin123/dcim/delete	admin/dcim/delete	[]
post	admin123/dcim/refresh_power_status	admin/dcim/refreshPowerStatus	[]
get	admin123/api	admin/api/index	[]
post	admin123/api	admin/api/add	[]
delete	admin123/api	admin/api/delete	[]
get	admin123/salegroup	admin/sale/groupList	[]
get	admin123/sale/add_salegrouppage	admin/sale/addSalegroupPage	[]
*	admin123/sale/add_salegroup	admin/sale/addSalegroup	[]
get	admin123/sale/edit_salegrouppage	admin/sale/editSalegroupPage	[]
*	admin123/sale/edit_salegroup	admin/sale/editSalegroup	[]
get	admin123/sale/del_salegroup	admin/sale/delSalegroup	[]
get	admin123/sale/edit_delproduct	admin/sale/editDelproduct	[]
*	admin123/sale/get_timetype	admin/sale/getTimetype	[]
get	admin123/saleladder	admin/sale/ladderList	[]
post	admin123/sale/add_saleladder	admin/sale/addSaleLadder	[]
get	admin123/sale/edit_saleladderpage	admin/sale/editSaleLadderPage	[]
post	admin123/sale/edit_saleladder	admin/sale/editSaleLadder	[]
get	admin123/sale/del_saleladder	admin/sale/delSaleLadder	[]
get	admin123/sale/sale_statistics	admin/sale/saleStatistics	[]
*	admin123/sale/sale_records	admin/sale/saleRecordsNew	[]
get	admin123/sale/sale_users	admin/sale/saleUsers	[]
*	admin123/sale/sale_userslist	admin/sale/saleUsersList	[]
get	admin123/sale/adminlist	admin/sale/adminList	[]
*	admin123/sale/edit_adminlist	admin/sale/editAdminList	[]
*	admin123/sale/get_sale_enble	admin/sale/getSaleEnble	[]
*	admin123/sale/sale_enble	admin/sale/saleEnblePost	[]
get	admin123/sale/test	admin/sale/Test	[]
get	admin123/aff	admin/affiliate/index	[]
get	admin123/aff/useraffi_page	admin/affiliate/useraffiPage	[]
get	admin123/aff/useraffi_list	admin/affiliate/useraffilist	[]
get	admin123/aff/useraffi_record	admin/affiliate/useraffirecord	[]
get	admin123/aff/useraffibuy_record	admin/affiliate/useraffibuyrecord	[]
*	admin123/aff/get_timetype	admin/affiliate/getTimetype	[]
*	admin123/aff/useraffi_post	admin/affiliate/useraffiPost	[]
*	admin123/aff/useraffi_balance	admin/affiliate/useraffibalance	[]
get	admin123/aff/productaffi_page	admin/affiliate/productaffiPage	[]
*	admin123/aff/productaffi_post	admin/affiliate/productaffiPost	[]
*	admin123/aff/affiwithdraw_record	admin/affiliate/affiwithdrawrecord	[]
*	admin123/aff/affiwithdrawsh	admin/affiliate/affiwithdrawsh	[]
*	admin123/aff/gateway_list	admin/affiliate/gatewaylist	[]
*	admin123/aff/test	admin/affiliate/test	[]
post	admin123/dcimcloud/server	admin/dcimCloud/addServer	[]
put	admin123/dcimcloud/server	admin/dcimCloud/editServer	[]
delete	admin123/dcimcloud/server	admin/dcimCloud/delServer	[]
get	admin123/dcimcloud/server	admin/dcimCloud/serverList	[]
get	admin123/dcimcloud/server/<id>	admin/dcimCloud/serverDetail	[]
get	admin123/dcimcloud/server/<id>/status	admin/dcimCloud/refreshServerStatus	[]
get	admin123/dcimcloud/server/status	admin/dcimCloud/refreshAllServerStatus	[]
*	admin123/upper/index	admin/upperReaches/index	[]
*	admin123/upper/addpost	admin/upperReaches/addPost	[]
*	admin123/upper/edituppost	admin/upperReaches/editupPost	[]
*	admin123/upper/del	admin/upperReaches/delup	[]
*	admin123/upper/upperindex	admin/upperReaches/upperIndex	[]
*	admin123/upper/upperaddpost	admin/upperReaches/upperAddpost	[]
*	admin123/upper/uppereditpost	admin/upperReaches/upperEditpost	[]
*	admin123/upper/upperdel	admin/upperReaches/upperDel	[]
*	admin123/upper/addupperpage	admin/upperReaches/addUpperPage	[]
*	admin123/upper/addupperpost	admin/upperReaches/addUpperPost	[]
*	admin123/upper/editupperpage	admin/upperReaches/editUpperPage	[]
*	admin123/upper/editupperpost	admin/upperReaches/editUpperPost	[]
*	admin123/upper/delupper	admin/upperReaches/delUpper	[]
post	admin123/upper/allotupper	admin/upperReaches/allotUpper	[]
post	admin123/upper/emptyupper	admin/upperReaches/emptyUpper	[]
get	admin123/upper/ipmi/status	admin/upperReaches/ipmiStatus	[]
post	admin123/upper/ipmi/on	admin/upperReaches/ipmiOn	[]
post	admin123/upper/ipmi/off	admin/upperReaches/ipmiOff	[]
post	admin123/upper/ipmi/reboot	admin/upperReaches/ipmiReboot	[]
post	admin123/upper/ipmi/vnc	admin/upperReaches/ipmiVnc	[]
get	admin123/upper/dcim_client/status	admin/upperReaches/dcimClientStatus	[]
post	admin123/upper/dcim_client/on	admin/upperReaches/dcimClientOn	[]
post	admin123/upper/dcim_client/off	admin/upperReaches/dcimClientOff	[]
post	admin123/upper/dcim_client/reboot	admin/upperReaches/dcimClientReboot	[]
post	admin123/upper/dcim_client/vnc	admin/upperReaches/dcimClientVnc	[]
get	admin123/upper/dcim_client/vnc	admin/upperReaches/dcimClientVncPage	[]
post	admin123/upper/dcim_client/reinstall	admin/upperReaches/dcimClientReinstall	[]
post	admin123/upper/dcim_client/crack_pass	admin/upperReaches/dcimClientCrackPass	[]
post	admin123/upper/dcim_client/cancel_task	admin/upperReaches/dcimClientCancelReinstall	[]
post	admin123/upper/dcim_client/resintall_status	admin/upperReaches/dcimClientReinstallStatus	[]
post	admin123/upper/dcim_client/get_os	admin/upperReaches/dcimClientGetOs	[]
post	admin123/zjmf_finance_api	admin/zjmfFinanceApi/createApi	[]
put	admin123/zjmf_finance_api	admin/zjmfFinanceApi/modifyApi	[]
get	admin123/zjmf_finance_api	admin/zjmfFinanceApi/index	[]
get	admin123/zjmf_finance_api/<id>	admin/zjmfFinanceApi/detail	[]
delete	admin123/zjmf_finance_api/<id>	admin/zjmfFinanceApi/deleteApi	[]
get	admin123/zjmf_finance_api/<id>/status	admin/zjmfFinanceApi/refreshStatus	[]
get	admin123/zjmf_finance_api/summary	admin/zjmfFinanceApi/summary	[]
post	admin123/zjmf_finance_api/reset	admin/zjmfFinanceApi/resetApiPwd	[]
post	admin123/zjmf_finance_api/toggle	admin/zjmfFinanceApi/apiToggle	[]
get	admin123/zjmf_finance_api/freepage	admin/zjmfFinanceApi/apiFreePage	[]
post	admin123/zjmf_finance_api/freepage	admin/zjmfFinanceApi/apiFreePost	[]
delete	admin123/zjmf_finance_api/freepage	admin/zjmfFinanceApi/apiFreeDelete	[]
get	admin123/zjmf_finance_api/products	admin/zjmfFinanceApi/apiProducts	[]
get	admin123/zjmf_finance_api/order	admin/zjmfFinanceApi/apiOrder	[]
post	admin123/zjmf_finance_api/order_commission	admin/zjmfFinanceApi/apiOrderCom	[]
get	admin123/zjmf_finance_api/renew	admin/zjmfFinanceApi/getRenew	[]
get	admin123/zjmf_finance_api/host	admin/zjmfFinanceApi/apiHost	[]
get	admin123/zjmf_finance_api/downstream_summary	admin/zjmfFinanceApi/downstreamSummary	[]
get	admin123/zjmf_finance_api/logs	admin/zjmfFinanceApi/apiLog	[]
post	admin123/zjmf_finance_api/open	admin/zjmfFinanceApi/apiOpen	[]
get	admin123/zjmf_finance_api/addpage	admin/zjmfFinanceApi/addPage	[]
post	admin123/zjmf_finance_api/inputproduct	admin/zjmfFinanceApi/inputProduct	[]
post	admin123/zjmf_finance_api/upstreamhost	admin/zjmfFinanceApi/upstreamHost	[]
get	admin123/zjmf_finance_api/manualhost	admin/zjmfFinanceApi/getManualHost	[]
post	admin123/zjmf_finance_api/manualhost	admin/zjmfFinanceApi/postManualHost	[]
get	admin123/zjmf_finance_api/upstreamcredit	admin/zjmfFinanceApi/upstreamCredit	[]
get	admin123/sm_type	admin/sendMessageBatch/getSearchParams	[]
get	admin123/getSendMethod	admin/sendMessageBatch/getSendMethod	[]
get	admin123/mobiletemplate_list	admin/sendMessageBatch/mobiletemplateList	[]
get	admin123/emailtemplate_list	admin/sendMessageBatch/emailtemplateList	[]
get	admin123/email_template_params	admin/sendMessageBatch/getEmailTemplateParams	[]
get	admin123/edit_template	admin/sendMessageBatch/editTemplate	[]
*	admin123/sendmessage_post	admin/sendMessageBatch/sendMessagePost	[]
get	admin123/get_progress	admin/sendMessageBatch/getProgress	[]
put	admin123/dcimauth/reset	admin/dcimAuth/resetAuth	[]
delete	admin123/dcimauth	admin/dcimAuth/deleteAuth	[]
put	admin123/dcimauth	admin/dcimAuth/editAuth	[]
get	admin123/dcimauth	admin/dcimAuth/list	[]
put	admin123/dcimauth/recover	admin/dcimAuth/recoverAuth	[]
get	admin123/dcimauth/used	admin/dcimAuth/getUsedData	[]
put	admin123/dcimauth/hotfix	admin/dcimAuth/hotfixPush	[]
put	admin123/dcimauth/update	admin/dcimAuth/updatePush	[]
get	admin123/dcimauth/<id>	admin/dcimAuth/detail	[]
get	admin123/dcimauth/disabled	admin/dcimAuth/disabledList	[]
get	admin123/dcimauth/errorLog	admin/dcimAuth/errorLogList	[]
post	admin123/dcimauth/debug	admin/dcimAuth/debugDecrypt	[]
get	admin123/dcimauth/debugLog	admin/dcimAuth/debugLogList	[]
get	admin123/app_store/new_version	admin/appStore/getNewVersion	[]
get	admin123/advanced_options/page	admin/AdvancedOptions/page	[]
post	admin123/advanced_options/create	admin/AdvancedOptions/create	[]
get	admin123/advanced_options/create	admin/AdvancedOptions/create	[]
delete	admin123/advanced_options/deletecondition	admin/AdvancedOptions/deleteCondition	[]
delete	admin123/advanced_options/deleteresult	admin/AdvancedOptions/deleteResult	[]
post	admin123/advanced_options/addcondition	admin/AdvancedOptions/addCondition	[]
post	admin123/advanced_options/addresult	admin/AdvancedOptions/addResult	[]
get	admin123/user_level/<action>	get<action>	[]
post	admin123/user_level/<action>	post<action>	[]
put	admin123/user_level/<action>	put<action>	[]
delete	admin123/user_level/<action>	delete<action>	[]
patch	admin123/user_level/<action>	patch<action>	[]
get	admin123/voucher/<action>	get<action>	[]
post	admin123/voucher/<action>	post<action>	[]
put	admin123/voucher/<action>	put<action>	[]
delete	admin123/voucher/<action>	delete<action>	[]
patch	admin123/voucher/<action>	patch<action>	[]
get	admin123/menu/position_page	admin/menu/managePositionPage	[]
get	admin123/menu/setting_page	admin/menu/menuManagePage	[]
post	admin123/menu/save_position	admin/menu/savePosition	[]
post	admin123/menu/create	admin/menu/createMenu	[]
post	admin123/menu/edit	admin/menu/editMenu	[]
delete	admin123/menu/delete	admin/menu/deleteMenu	[]
post	admin123/menu/create_nav	admin/menu/createNav	[]
delete	admin123/menu/delete_nav	admin/menu/deleteNav	[]
post	admin123/menus/getMenu	admin/menus/getMenu	[]
post	admin123/menus/getMenuList	admin/menus/getMenuList	[]
post	admin123/menus/setNavList	admin/menus/setNavList	[]
post	admin123/menus/addCustomPage	admin/menus/addCustomPage	[]
post	admin123/menus/addProductPage	admin/menus/addProductPage	[]
post	admin123/menus/getProductList	admin/menus/getProductList	[]
post	admin123/menus/getMenuType	admin/menus/getMenuType	[]
post	admin123/menus/addMenu	admin/menus/addMenu	[]
post	admin123/menus/editMenu	admin/menus/editMenu	[]
post	admin123/menus/delMenu	admin/menus/delMenu	[]
post	admin123/menus/delTwoMenu	admin/menus/delTwoMenu	[]
post	admin123/menus/getTypeAllMenu	admin/menus/getTypeAllMenu	[]
post	admin123/menus/editMenuActive	admin/menus/editMenuActive	[]
post	admin123/menus/getSystemNav	admin/menus/getSystemNav	[]
post	admin123/menus/getNavType	admin/menus/getNavType	[]
post	admin123/menus/getLang	admin/menus/getLang	[]
post	admin123/menus/getDefaultSenior	admin/menus/getDefaultSenior	[]
post	admin123/menus/setWebNavList	admin/menus/setWebNavList	[]
post	admin123/menus/createWebPage	admin/menus/createWebPage	[]
get	admin123/menus/getCreateWebData	admin/menus/getCreateWebData	[]
post	admin123/menus/getOtherMenu	admin/menus/getOtherMenu	[]
post	admin123/ruleManage/getMenuList	admin/RuleManage/getMenuList	[]
post	admin123/ruleManage/addMenu	admin/RuleManage/addMenu	[]
post	admin123/ruleManage/editMenu	admin/RuleManage/editMenu	[]
post	admin123/ruleManage/saveMenuList	admin/RuleManage/saveMenuList	[]
post	admin123/ruleMiddle/getMenuList	admin/RuleMiddle/getMenuList	[]
post	admin123/ruleMiddle/addMenu	admin/RuleMiddle/addMenu	[]
post	admin123/ruleMiddle/editMenu	admin/RuleMiddle/editMenu	[]
post	admin123/ruleMiddle/saveMenuList	admin/RuleMiddle/saveMenuList	[]
post	admin123/ruleMiddle/getNav	admin/RuleMiddle/getNav	[]
get	admin123/run_map/list	admin/RunMap/runMapList	[]
post	admin123/run_map/repeat_task	admin/RunMap/repeatTask	[]
get	admin123/run_cron/trend	admin/RunMap/runCronTrend	[]
get	admin123/run_cron/list	admin/RunMap/runCronList	[]
get	admin123/system/systemAuthRuleLanguage	admin/System/getSystemAuthRuleLanguage	[]
get	admin123/community/configLang	admin/community/systemLangConfig	[]
get	admin123/community/clientConfigLang	admin/community/clientLangConfig	[]
post	admin123/menus/saveLinks	admin/menus/saveLinks	[]
post	admin123/menus/deleteLinks	admin/menus/deleteLinks	[]
get	admin123/menus/allLinks	admin/menus/allLinks	[]
get	admin123/interflow/templateParams	admin/InterflowSeting/templateParams	[]
get	admin123/interflow/seting	admin/InterflowSeting/seting	[]
post	admin123/interflow/seting	admin/InterflowSeting/setingPost	[]
get	admin123/interflow/userMap	admin/InterflowSeting/userMap	[]
get	admin123/interflow/executeMap	admin/InterflowSeting/executeMap	[]
get	admin123/interflow/botAccount	admin/InterflowSeting/botAccount	[]
post	admin123/interflow/botAccountPost	admin/InterflowSeting/botAccountPost	[]
post	admin123/interflow/botAccountDelete	admin/InterflowSeting/botAccountDelete	[]
post	admin123/interflow/botAccountLogin	admin/InterflowSeting/botAccountLogin	[]
post	admin123/interflow/botAccountLoginOut	admin/InterflowSeting/botAccountLoginOut	[]
get	admin123/interflow/botCheckStatus	admin/InterflowSeting/botCheckStatus	[]
get	admin123/interflow/funcLoadList	admin/InterflowSeting/funcLoadList	[]
get	admin123/interflow/funcLoadContent	admin/InterflowSeting/funcLoadContent	[]
post	admin123/interflow/funcRegister	admin/InterflowSeting/funcRegister	[]
get	admin123/interflow/funcRegisterList	admin/InterflowSeting/funcRegisterList	[]
get	admin123/interflow/keywordList	admin/InterflowSeting/keywordList	[]
post	admin123/interflow/keywordExecuteSwitch	admin/InterflowSeting/keywordExecuteSwitch	[]
post	admin123/interflow/keywordSave	admin/InterflowSeting/keywordSave	[]
get	admin123/interflow/keywordInfo	admin/InterflowSeting/keywordInfo	[]
post	admin123/interflow/keywordDel	admin/InterflowSeting/keywordDel	[]
get	admin123/agent/<action>	get<action>	[]
post	admin123/agent/<action>	post<action>	[]
put	admin123/agent/<action>	put<action>	[]
delete	admin123/agent/<action>	delete<action>	[]
patch	admin123/agent/<action>	patch<action>	[]
get	admin123/link_cause/list	admin/LinkCause/index	[]
get	admin123/link_cause/edit	admin/LinkCause/edit	[]
post	admin123/link_cause/save	admin/LinkCause/save	[]
get	admin123/link_cause/create	admin/LinkCause/create	[]
post	admin123/link_cause/add	admin/LinkCause/add	[]
get	admin123/link_cause/delete	admin/LinkCause/delete	[]
get	admin123/link_knowledge/list	admin/LinkKnowledge/index	[]
get	admin123/link_knowledge/edit	admin/LinkKnowledge/edit	[]
post	admin123/link_knowledge/save	admin/LinkKnowledge/save	[]
get	admin123/link_knowledge/create	admin/LinkKnowledge/create	[]
post	admin123/link_knowledge/add	admin/LinkKnowledge/add	[]
get	admin123/link_knowledge/delete	admin/LinkKnowledge/delete	[]
post	upload_file	admin/upload/uploadFile	[]
get	admin123/cron/exec	admin/CronUrl/index	[]
post	api/api/host_server	api/host/getDcimServerSetting	[]
post	api/api/host	api/host/editDcimHost	[]
post	api/api/host/free	api/host/freeDcimHost	[]
post	api/host/sync	api/host/syncInfo	[]
post	api/ticket_reply/sync	api/host/syncTicketReply	[]
get	api/exec_module_func	api/host/execProvision	
get	api/install/version	api/install/sysVersion	[]
get	api/install/envmonitor	api/install/envMonitor	[]
post	api/install/dbmonitor	api/install/dbMonitor	[]
post	api/install/codemonitor	api/install/codeMonitor	[]
post	api/install/envsystem	api/install/envSystem	[]
post	api/install/installing	api/install/install	[]
post	api/install/setdbconfig	api/install/setDbConfig	[]
post	api/install/setsite	api/install/setSite	[]
post	api/install/installapphooks	api/install/installAppHooks	[]
post	api/install/installappuseractions	api/install/installAppUserActions	[]
post	api/install/steplast	api/install/stepLast	[]
get	admin123/upgrade/version	api/upgradeSystem/sysVersion	[]
get	admin123/upgrade/autoupdate	api/upgradeSystem/getAutoUpdate	[]
get	admin123/upgrade/checkautoupdate	api/upgradeSystem/getCheckAutoUpdate	[]
post	admin123/upgrade/checkupdateunzip	api/upgradeSystem/getCheckUpdateUnzip	[]
post	admin123/upgrade/checkupdatecopy	api/upgradeSystem/getCheckUpdateCopy	[]
get	admin123/upgrade/sqlupdate	api/upgradeSystem/getSqlUpdate	[]
get	api/oauth/logined	api/oauth/logined	[]
post	api/oauth/accountGetAccessTokenDirect	api/oauth/accountGetAccessTokenDirect	[]
post	api/oauth/accountGetAccessToken	api/oauth/accountGetAccessToken	[]
post	api/oauth/automaticGetAccessToken	api/oauth/automaticGetAccessToken	[]
get	api/oauth/getUserInfo	api/oauth/getUserInfo	[]
post	api/botMessage	api/Bot/botMessage	[]
get	api/product/proinfo	api/product/proInfo	[]
get	api/product/prodetail	api/product/proDetail	[]
get	api/product/list	api/product/proList	[]
get	api/product/<id>	api/product/detail	{"header":{"Access-Control-Allow-Origin":null},"middleware":[["UserCheck",null]],"cross_domain":true}
get	api/product/<id>/resource	api/product/downloadResource	[]
get	api/product/upgrade_product	api/product/getUpgradeProduct	[]
get	api/flow_packet	api/flowPacket/flowPacketList	[]
get	api/flow_packet/<id>	api/flowPacket/flowPacketIndex	[]
get	logout	home/viewClients/logout	[]
post	logout	home/viewClients/logout	[]
get	login	home/viewClients/login	[]
post	login	home/viewClients/login	[]
get	register	home/viewClients/register	[]
post	register	home/viewClients/register	[]
get	pwreset	home/viewClients/pwreset	[]
post	pwreset	home/viewClients/pwreset	[]
get	bind	home/viewClients/bind	[]
post	bind	home/viewClients/bind	[]
get	details	home/viewClients/details	[]
post	details	home/viewClients/details	[]
get	security	home/viewClients/security	[]
get	verified	home/viewClients/verified	[]
post	verified	home/viewClients/verified	[]
get	message	home/viewClients/message	[]
get	systemlog	home/viewClients/systemlog	[]
get	loginlog	home/viewClients/loginlog	[]
get	apilog	home/viewClients/apilog	[]
get	billing	home/viewClients/billing	[]
*	combinebilling	home/viewClients/combinebilling	[]
get	viewbilling	home/viewClients/ViewBilling	[]
get	transaction	home/viewClients/transaction	[]
get	invoicelist	home/viewClients/invoicelist	[]
post	invoicelist	home/viewClients/invoicelist	[]
get	invoicecompany	home/viewClients/invoicecompany	[]
post	invoicecompany	home/viewClients/invoicecompany	[]
get	invoiceaddress	home/viewClients/invoiceaddress	[]
post	invoiceaddress	home/viewClients/invoiceaddress	[]
get	addfunds	home/viewClients/addfunds	[]
get	supporttickets	home/viewClients/supporttickets	[]
get	submitticket	home/viewClients/submitticket	[]
post	submitticket	home/viewClients/submitticket	[]
get	viewticket	home/viewClients/viewticket	[]
post	viewticket	home/viewClients/viewticket	[]
get	affiliates	home/viewClients/affiliates	[]
get	apps	home/viewClients/apps	[]
post	apps	home/viewClients/apps	[]
get	appincome	home/viewClients/appincome	[]
get	apptransaction	home/viewClients/apptransaction	[]
get	applog	home/viewClients/applog	[]
get	clientarea	home/viewClients/clientarea	[]
get	service	home/viewClients/service	[]
get	servicedetail	home/viewClients/servicedetail	[]
post	servicedetail	home/viewClients/servicedetail	[]
*	mulitrenew	home/viewClients/mulitrenew	[]
post	pay	home/viewClients/pay	[]
get	verify	home/login/verify	[]
get	news	home/viewClients/news	[]
get	newslist	home/viewClients/newsList	[]
get	newsview	home/viewClients/newsview	[]
get	knowledgebase	home/viewClients/knowledgebase	[]
get	knowledgebase/<alias>	home/viewClients/knowledgebase	[]
get	knowledgebaselist	home/viewClients/knowledgebaselist	[]
get	knowledgebaseview	home/viewClients/knowledgebaseview	[]
get	downloads	home/viewClients/downloads	[]
get	creditlimit	home/viewClients/creditlimit	[]
get	apimanage	home/viewClients/apimanage	[]
get	contracthost	home/viewClients/contractHost	[]
get	contract	home/viewClients/contract	[]
get	authorDown	home/viewClients/authorDown	[]
get	cart	home/viewCart/cart	[]
post	cart	home/viewCart/cart	[]
*	store/<alias>	home/viewCart/cart	[]
*	buy/<alias>	home/viewCart/cart	[]
get	credit	home/viewClients/credit	[]
get	creditdetail	home/viewClients/creditdetail	[]
get	getLinkAgeList	home/viewCart/getLinkAgeList	[]
get	link_list	home/cart/getLinkAgeListJson	[]
get	cloud/vnc	home/viewClients/cloudVnc	[]
get	dcim/vnc	home/viewClients/dcimVnc	[]
get		home/view/index	{"complete_match":true}
get	<html?>	home/view/index	{"ext":"html"}
get	<html?>/<html2?>	home/view/index	{"ext":"html"}
get	<html?>/<html2?>/<html3?>	home/view/index	{"ext":"html"}
get	demo/<pid?>/	home/demo/demo/	{"header":{"Access-Control-Allow-Origin":null},"cross_domain":true}
get	del_cwxt_home_login	home/index/del_cwxt_home_login	[]
get	index	home/index/index	[]
get	user_info	home/user/index	[]
put	user_info	home/user/update	[]
post	toggle_second_verify	home/user/toggleSecondVerify	[]
get	second_verify_page	home/user/getSecondVerifyPage	[]
post	second_verify_send	home/user/secondVerifySend	[]
get	get_api_pwd	home/user/getApiPwd	[]
post	modify_api_pwd	home/user/modifyApiPwd	[]
get	auto_api_pwd	home/user/autoApiPwd	[]
get	get_areas	home/user/getAreas	[]
post	modify_password	home/user/modifyPassword	[]
get	user_action_log/<page?>/	home/user/user_action_log	[]
get	logOut	home/user/logOut	[]
get	sys_messgage	home/system_message/getMessageList	[]
get	sys_messgage_unread	home/system_message/getUnreadList	[]
get	read_messgage	home/system_message/readSystemMessage	[]
get	delete_messgage	home/system_message/deleteSystemMessage	[]
get	check_origin_phone	home/user/checkOriginPhone	[]
post	bind_phone	home/user/bind_phone_send	[]
post	bind_phone_handle	home/user/bind_phone_handle	[]
get	bind_phone_code	home/user/bind_phone_code	[]
post	bind_phone_change	home/user/bind_phone_change	[]
post	login_sms_reminder	home/user/loginSmsReminder	[]
post	login_email_reminder	home/user/loginEmailReminder	[]
get	remind_send	home/user/remindSend	[]
get	remind_email_send	home/user/remindEmailSend	[]
get	bind_wechat	home/user/bind_wechat	[]
get	bind_wechat_handle/<id>/	home/user/bind_wechat_handle	[]
post	bind_email	home/user/bind_email	[]
post	bind_email_handle	home/user/bind_email_handle	[]
post	change_email	home/user/change_email	[]
post	change_email_handle	home/user/change_email_handle	[]
get	affpage	home/user_affiliate/affpage	[]
get	activation	home/user_affiliate/activation	[]
get	affindex	home/user_affiliate/affindex	[]
get	useraffi_list	home/user_affiliate/useraffilist	[]
post	withdraw	home/user_affiliate/withdraw	[]
*	withdrawrecord	home/user_affiliate/withdrawrecord	[]
*	affbuyrecord	home/user_affiliate/affbuyrecord	[]
get	certifi	home/certification/Certifi	[]
post	person_certifi_post	home/certification/personCertifiPost	[]
post	person_query_post	home/certification/personQueryPost	[]
post	company_certifi_post	home/certification/companyCertifiPost	[]
post	company_query_post	home/certification/companyQueryPost	[]
post	person_to_company	home/certification/personToCompany	[]
get	certifi_ping	home/certification/ping	[]
get	contract/host	home/contract/host	[]
post	contract/base_info	home/contract/contractBaseInfo	[]
post	contract/contract	home/contract/contractCreate	[]
get	contract/contract	home/contract/contractList	[]
get	contract/contract_page	home/contract/contract	[]
post	contract/contract_sign	home/contract/contractSign	[]
post	contract/contract/<id>	home/contract/contractPost	[]
get	contract/download/<id>	home/contract/download	[]
get	contract/post/<id>	home/contract/postPage	[]
post	contract/post/<id>	home/contract/postPost	[]
get	contract/post_cancel/<id>	home/contract/postCancel	[]
get	contract/cancel/<id>	home/contract/cancel	[]
delete	contract/delete/<id>	home/contract/delete	[]
get	contract/mail/<id>	home/contract/mail	[]
post	orders	home/order/orders	[]
post	check_order	home/order/checkOrder	[]
post	queryMerchantOrder	plugin/wx_pay/index/queryMerchantOrder	[]
get	get_gateways/<module?>/	home/pay/getGatewayList	[]
get	recharge_page	home/pay/rechargePage	[]
post	recharge	home/pay/recharge	[]
get	order_list	home/pay/orderList	[]
post	start_pay	home/pay/startPay	[]
get	use_credit_page	home/pay/useCreditPage	[]
post	invoice_page	home/pay/invoicePage	[]
post	apply_credit	home/pay/applyCredit	[]
post	apply_credit_limit	home/pay/applyCreditLimit	[]
post	ticket/evaluate	home/ticket/evaluate	[]
get	ticket/list	home/ticket/getList	[]
post	cart/settle	home/cart/settle	[]
get	cartgateway	home/Cart/getGateway	[]
delete	invoices/<id>	home/user_invoice/deleteOrder	[]
get	invoices/<id>	home/user_invoice/read	[]
put	invoices/<id>	home/user_invoice/update	[]
get	get_invoices	home/user_invoice/getInvoices	[]
get	get_invoices_detail	home/user_invoice/getInvoicesDetail	[]
get	finance_record	home/user_invoice/financeRecord	[]
get	accounts_record	home/user_invoice/accountsRecord	[]
get	credit_record	home/user_invoice/creditRecord	[]
get	consume_record	home/user_invoice/consumeRecord	[]
get	recharge_record	home/user_invoice/rechargeRecord	[]
get	refund_record	home/user_invoice/refundRecord	[]
get	withdraw_record	home/user_invoice/withdrawRecord	[]
get	get_combine_invoices	home/user_invoice/getCombineInvoices	[]
post	combine_invoices	home/user_invoice/combineInvoices	[]
get	host/<action>	get<action>	[]
post	host/<action>	post<action>	[]
put	host/<action>	put<action>	[]
delete	host/<action>	delete<action>	[]
patch	host/<action>	patch<action>	[]
get	getHostStatus	home/Host/getHostStatus	[]
get	credit_limit	home/credit_limit/index	[]
get	credit_limit/list	home/credit_limit/list	[]
get	credit_limit/user_invoice	home/credit_limit/userInvoice	[]
get	credit_limit/user_invoice_detail	home/credit_limit/creditLimitInvoice	[]
post	credit_limit/prepayment	home/credit_limit/creditLimitPrepayment	[]
get	contacts/index	home/contacts/index	[]
post	contacts/save	home/contacts/save	[]
delete	contacts/del	home/contacts/delete	[]
get	user_logs	home/record_log/getUserLogs	[]
*	user_logdcims	home/record_log/getUserLogDcs	[]
get	ticket/department	home/ticket/getDepartmentList	[]
get	ticket/get_custom	home/ticket/getTicketCustom	[]
get	ticket/ticket_page	home/ticket/getOpenTicketPage	[]
post	ticket/create	home/ticket/createTicket	[]
get	ticket/detail	home/ticket/ticketDetail	[]
post	ticket/reply	home/ticket/replyTicket	[]
post	ticket/close	home/ticket/closeTicket	[]
post	ticket/download	home/ticket/downloadAttachment	[]
get	ticket/download	home/ticket/download	[]
get	upgrade/index/<hid>	home/upgrade/index	[]
post	upgrade/upgrade_config_post	home/upgrade/upgradeConfigPost	[]
get	upgrade/upgrade_config_page	home/upgrade/getUpgradeConfigPage	[]
post	upgrade/add_promo_code	home/upgrade/addPromoCodeToConfig	[]
post	upgrade/remove_promo_code	home/upgrade/removePromoCodeFromConfig	[]
post	upgrade/checkout_config_upgrade	home/upgrade/checkoutConfigUpgrade	[]
get	upgrade/upgrade_product/<hid>	home/upgrade/upgradeProduct	[]
post	upgrade/upgrade_product_post	home/upgrade/upgradeProductPost	[]
get	upgrade/upgrade_product_page	home/upgrade/getUpgradeProductPage	[]
post	upgrade/add_promo_code_product	home/upgrade/addPromoToProduct	[]
post	upgrade/remove_promo_code_product	home/upgrade/RemovePromoFromProduct	[]
post	upgrade/checkout_upgrade_product	home/upgrade/checkoutProductUpgrade	[]
post	dcim/buy_flow_packet	home/dcim/buyFlowPacket	[]
post	dcim/check_reinstall	home/dcim/checkReinstall	[]
post	dcim/buy_reinstall_times	home/dcim/buyReinstallTimes	[]
post	dcim/on	home/dcim/on	[]
post	dcim/off	home/dcim/off	[]
post	dcim/reboot	home/dcim/reboot	[]
post	dcim/bmc	home/dcim/bmc	[]
post	dcim/kvm	home/dcim/kvm	[]
post	dcim/ikvm	home/dcim/ikvm	[]
post	dcim/reinstall	home/dcim/reinstall	[]
get	dcim/resintall_status	home/dcim/getReinstallStatus	[]
post	dcim/rescue	home/dcim/rescue	[]
post	dcim/crack_pass	home/dcim/crackPass	[]
get	dcim/traffic_usage	home/dcim/getTrafficUsage	[]
post	dcim/cancel_task	home/dcim/cancelReinstall	[]
post	dcim/unsuspend_reinstall	home/dcim/unsuspendReload	[]
post	dcim/refresh_all_power_status	home/dcim/refreshPowerStatus	[]
post	dcim/traffic	home/dcim/traffic	[]
post	dcim/novnc	home/dcim/novnc	[]
get	dcim/novnc	home/dcim/novncPage	[]
post	dcim/check_all_status	home/dcim/checkAllReinstallStatus	[]
get	dcim/detail	home/dcim/detail	[]
post	dcim/hide_result	home/dcim/hideLastResult	[]
post	dcim/refresh_power_status	home/dcim/refreshServerPowerStatus	[]
post	provision/default	home/provision/execute	[]
post	provision/custom/<id>	home/provision/customFunc	[]
get	provision/chart/<id>	home/provision/getChartData	[]
post	provision/button	home/provision/execCustomButton	[]
post	provision/sslCertFunc	home/provision/sslCertCustomButton	[]
get	provision/certDown/<orderNo>	home/provision/sslCertDown	[]
post	zjmf_api/provision/custom/content	home/provision/postClientAreaContent	[]
get	navindex	home/common/index	[]
get	addindex_page	home/common/addindexPage	[]
post	addindex_post	home/common/addindexPost	[]
post	addindex_del	home/common/addindexDel	[]
get	create_list	home/index/createList	[]
post	cart/clear	home/cart/clearCart	[]
post	uploads	home/upload/upload	[]
post	upper/dcim_client/reinstall	home/upperReaches/dcimClientReinstall	[]
post	upper/dcim_client/crack_pass	home/upperReaches/dcimClientCrackPass	[]
post	upper/dcim_client/cancel_task	home/upperReaches/dcimClientCancelReinstall	[]
post	upper/dcim_client/resintall_status	home/upperReaches/dcimClientReinstallStatus	[]
post	upper/dcim_client/get_os	home/upperReaches/dcimClientGetOs	[]
get	oauthBind	home/oauthBind/listing	[]
post	oauthBind/bind/<dirName?>	home/oauthBind/bind	[]
post	oauthBind/untie/<dirName?>	home/oauthBind/untie	[]
get	voucher/<action>	get<action>	[]
post	voucher/<action>	post<action>	[]
put	voucher/<action>	put<action>	[]
delete	voucher/<action>	delete<action>	[]
patch	voucher/<action>	patch<action>	[]
*	product_divert/pushserver	home/viewProductDivert/pushserver	[]
get	product_divert/pushpulllist	home/viewProductDivert/pushpulllist	[]
*	product_divert/pullserver	home/viewProductDivert/pullserver	[]
post	product_divert/postNameToUser	home/productDivert/postNameToUser	[]
*	product_divert/servicedetail	home/viewClients/servicedetail	[]
*	product_divert/pushrefuse	home/viewProductDivert/pushrefuse	[]
*	product_divert/pullrefuse	home/viewProductDivert/pullrefuse	[]
*	product_divert/verificationResult	home/viewProductDivert/verificationResult	[]
post	change_paymt	home/pay/changePaymt	[]
post	zjmf_finance_api/reset	home/ZjmfFinanceApi/resetApiPwd	[]
post	zjmf_finance_api/open	home/ZjmfFinanceApi/apiOpen	[]
get	zjmf_finance_api/summary	home/ZjmfFinanceApi/summary	[]
get	interflow/accountbind	home/interflow/interflowAccountBindInfo	[]
post	interflow/accountbind	home/interflow/interflowAccountBind	[]
get	v10/host/<id>/renew	home/v10Cart/v10RenewPage	[]
get	v10/host/<id>	home/v10Cart/v10HostDetail	[]
get	v10/host/<id>/view	home/v10Cart/v10HostView	[]
get	v10/host/<id>/mf_cloud/list	home/v10Cart/v10HostList	[]
get	v10/host/mf_cloud/<id>	home/v10Cart/v10MfCloudDetail	[]
get	v10/host/mf_cloud/<id>/part	home/v10Cart/v10MfCloudPart	[]
post	v10/host/mf_cloud/<id>/on	home/v10Cart/v10MfCloudOn	[]
post	v10/host/mf_cloud/<id>/off	home/v10Cart/v10MfCloudOff	[]
post	v10/host/mf_cloud/<id>/reboot	home/v10Cart/v10MfCloudReboot	[]
post	v10/host/mf_cloud/<id>/hard_off	home/v10Cart/v10MfCloudHardOff	[]
post	v10/host/mf_cloud/<id>/hard_reboot	home/v10Cart/v10MfCloudHardReboot	[]
post	v10/host/mf_cloud/<id>/vnc	home/v10Cart/v10MfCloudVnc	[]
get	v10/host/mf_cloud/<id>/vnc	home/v10Cart/v10MfCloudVncPage	[]
get	v10/host/mf_cloud/<id>/status	home/v10Cart/v10MfCloudStatus	[]
post	v10/host/mf_cloud/<id>/reset_password	home/v10Cart/v10MfCloudResetPassword	[]
post	v10/host/mf_cloud/<id>/rescue	home/v10Cart/v10MfCloudRescue	[]
post	v10/host/mf_cloud/<id>/rescue/exit	home/v10Cart/v10MfCloudExit	[]
post	v10/host/mf_cloud/<id>/reinstall	home/v10Cart/v10MfCloudReinstall	[]
get	v10/host/mf_cloud/<id>/chart	home/v10Cart/v10MfCloudChart	[]
get	v10/host/mf_cloud/<id>/flow	home/v10Cart/v10MfCloudFlow	[]
get	v10/host/mf_cloud/<id>/disk	home/v10Cart/v10MfCloudDisk	[]
post	v10/host/mf_cloud/<id>/disk/<disk_id>/unmount	home/v10Cart/v10MfCloudDiskUnmount	[]
post	v10/host/mf_cloud/<id>/disk/<disk_id>/mount	home/v10Cart/v10MfCloudDiskMount	[]
get	v10/host/mf_cloud/<id>/snapshot	home/v10Cart/v10MfCloudSnapshot	[]
post	v10/host/mf_cloud/<id>/snapshot	home/v10Cart/v10MfCloudSnapshotCreate	[]
post	v10/host/mf_cloud/<id>/snapshot/restore	home/v10Cart/v10MfCloudSnapshotRestore	[]
delete	v10/host/mf_cloud/<id>/snapshot/<snapshot_id>	home/v10Cart/v10MfCloudSnapshotDelete	[]
get	v10/host/mf_cloud/<id>/backup	home/v10Cart/v10MfCloudBackup	[]
post	v10/host/mf_cloud/<id>/backup	home/v10Cart/v10MfCloudBackupCreate	[]
post	v10/host/mf_cloud/<id>/backup/restore	home/v10Cart/v10MfCloudBackupRestore	[]
delete	v10/host/mf_cloud/<id>/backup/<backup_id>	home/v10Cart/v10MfCloudBackupDelete	[]
get	v10/host/mf_cloud/<id>/log	home/v10Cart/v10MfCloudLog	[]
get	v10/host/mf_cloud/<id>/remote_info	home/v10Cart/v10MfCloudRemoteInfo	[]
get	v10/host/mf_cloud/<id>/ip	home/v10Cart/v10MfCloudIp	[]
post	v10/host/mf_cloud/<id>/vpc_network	home/v10Cart/v10MfCloudVpcNetwork	[]
get	v10/host/mf_cloud/<id>/vpc_network	home/v10Cart/v10MfCloudVpcNetworkList	[]
put	v10/host/mf_cloud/<id>/vpc_network	home/v10Cart/v10MfCloudVpcNetworkChange	[]
put	v10/host/mf_cloud/<id>/vpc_network/<vpc_network_id>	home/v10Cart/v10MfCloudVpcNetworkPut	[]
delete	v10/host/mf_cloud/<id>/vpc_network/<vpc_network_id>	home/v10Cart/v10MfCloudVpcNetworkDelete	[]
get	v10/host/mf_cloud/<id>/real_data	home/v10Cart/v10MfCloudRealData	[]
get	v10/host/mf_cloud/<id>/nat_acl	home/v10Cart/v10MfCloudNatAcl	[]
post	v10/host/mf_cloud/<id>/nat_acl	home/v10Cart/v10MfCloudNatAclPost	[]
delete	v10/host/mf_cloud/<id>/nat_acl	home/v10Cart/v10MfCloudNatAclDelete	[]
get	v10/host/mf_cloud/<id>/nat_web	home/v10Cart/v10MfCloudNatWeb	[]
post	v10/host/mf_cloud/<id>/nat_web	home/v10Cart/v10MfCloudNatWebPost	[]
delete	v10/host/mf_cloud/<id>/nat_web	home/v10Cart/v10MfCloudNatWebDelete	[]
get	v10/host/<id>/ssh_key	home/v10Cart/v10MfCloudSshKey	[]
get	v10/host/<id>/flow_packet	home/v10Cart/v10MfCloudFlowPacket	[]
get	v10/host/<id>/ip	home/v10Cart/v10MfCloudIpNew	[]
post	v10/host/mf_cloud/<id>/simulate_physical_machine	home/v10Cart/v10MfCloudMachine	[]
get	v10/host/mf_cloud/<id>/ipv6	home/v10Cart/v10MfCloudIpv6	[]
post	v10/host/mf_dcim/<id>/simulate_physical_machine	home/v10Cart/v10MfCloudMachine	[]
get	v10/host/mf_dcim/<id>/ipv6	home/v10Cart/v10MfCloudIpv6	[]
post	v10/host/mf_cloud/<id>/disk/price	home/v10Cart/v10MfCloudDiskPrice	[]
post	v10/host/mf_cloud/<id>/disk/resize	home/v10Cart/v10MfCloudDiskResize	[]
get	v10/host/mf_cloud/<id>/backup_config	home/v10Cart/v10MfCloudBackupConfig	[]
get	v10/host/mf_cloud/<id>/ip_num	home/v10Cart/v10MfCloudIpNum	[]
get	v10/host/mf_cloud/<id>/image/check	home/v10Cart/v10MfCloudImageCheck	[]
get	v10/host/mf_cloud/<id>/common_config	home/v10Cart/v10MfCloudCommonConfig	[]
get	v10/host/mf_cloud/<id>/recommend_config	home/v10Cart/v10MfCloudRecommendConfig	[]
get	v10/host/mf_cloud/<id>/recommend_config/price	home/v10Cart/v10MfCloudRecommendConfigPrice	[]
post	v10/host/mf_cloud/<id>/upgrade/order	home/v10Cart/v10MfCloudUpgradeOrder	[]
get	host/<id>/renew/auto	home/v10Cart/v10HostAutoRenewPage	[]
put	host/<id>/renew/auto	home/v10Cart/v10HostAutoRenew	[]
get	v10/host/refund/host/<id>/refund	home/v10Cart/v10HostRefundPage	[]
put	v10/host/<id>/notes	home/v10Cart/v10HostNotes	[]
get	v10/host/<id>/mf_dcim/list	home/v10Cart/v10HostList	[]
get	v10/host/mf_dcim/<id>	home/v10Cart/v10MfCloudDetail	[]
get	v10/host/mf_dcim/<id>/part	home/v10Cart/v10MfCloudPart	[]
post	v10/host/mf_dcim/<id>/on	home/v10Cart/v10MfCloudOn	[]
post	v10/host/mf_dcim/<id>/off	home/v10Cart/v10MfCloudOff	[]
post	v10/host/mf_dcim/<id>/reboot	home/v10Cart/v10MfCloudReboot	[]
post	v10/host/mf_dcim/<id>/hard_off	home/v10Cart/v10MfCloudHardOff	[]
post	v10/host/mf_dcim/<id>/hard_reboot	home/v10Cart/v10MfCloudHardReboot	[]
post	v10/host/mf_dcim/<id>/vnc	home/v10Cart/v10MfCloudVnc	[]
get	v10/host/mf_dcim/<id>/vnc	home/v10Cart/v10MfCloudVncPage	[]
get	v10/host/mf_dcim/<id>/status	home/v10Cart/v10MfCloudStatus	[]
post	v10/host/mf_dcim/<id>/reset_password	home/v10Cart/v10MfCloudResetPassword	[]
post	v10/host/mf_dcim/<id>/rescue	home/v10Cart/v10MfCloudRescue	[]
post	v10/host/mf_dcim/<id>/rescue/exit	home/v10Cart/v10MfCloudExit	[]
post	v10/host/mf_dcim/<id>/reinstall	home/v10Cart/v10MfCloudReinstall	[]
get	v10/host/mf_dcim/<id>/chart	home/v10Cart/v10MfCloudChart	[]
get	v10/host/mf_dcim/<id>/flow	home/v10Cart/v10MfCloudFlow	[]
get	v10/host/mf_dcim/<id>/disk	home/v10Cart/v10MfCloudDisk	[]
post	v10/host/mf_dcim/<id>/disk/<disk_id>/unmount	home/v10Cart/v10MfCloudDiskUnmount	[]
post	v10/host/mf_dcim/<id>/disk/<disk_id>/mount	home/v10Cart/v10MfCloudDiskMount	[]
get	v10/host/mf_dcim/<id>/snapshot	home/v10Cart/v10MfCloudSnapshot	[]
post	v10/host/mf_dcim/<id>/snapshot	home/v10Cart/v10MfCloudSnapshotCreate	[]
post	v10/host/mf_dcim/<id>/snapshot/restore	home/v10Cart/v10MfCloudSnapshotRestore	[]
delete	v10/host/mf_dcim/<id>/snapshot/<snapshot_id>	home/v10Cart/v10MfCloudSnapshotDelete	[]
get	v10/host/mf_dcim/<id>/backup	home/v10Cart/v10MfCloudBackup	[]
post	v10/host/mf_dcim/<id>/backup	home/v10Cart/v10MfCloudBackupCreate	[]
post	v10/host/mf_dcim/<id>/backup/restore	home/v10Cart/v10MfCloudBackupRestore	[]
delete	v10/host/mf_dcim/<id>/backup/<backup_id>	home/v10Cart/v10MfCloudBackupDelete	[]
get	v10/host/mf_dcim/<id>/log	home/v10Cart/v10MfCloudLog	[]
get	v10/host/mf_dcim/<id>/remote_info	home/v10Cart/v10MfCloudRemoteInfo	[]
get	v10/host/mf_dcim/<id>/ip	home/v10Cart/v10MfCloudIp	[]
post	v10/host/mf_dcim/<id>/vpc_network	home/v10Cart/v10MfCloudVpcNetwork	[]
get	v10/host/mf_dcim/<id>/vpc_network	home/v10Cart/v10MfCloudVpcNetworkList	[]
put	v10/host/mf_dcim/<id>/vpc_network	home/v10Cart/v10MfCloudVpcNetworkChange	[]
put	v10/host/mf_dcim/<id>/vpc_network/<vpc_network_id>	home/v10Cart/v10MfCloudVpcNetworkPut	[]
delete	v10/host/mf_dcim/<id>/vpc_network/<vpc_network_id>	home/v10Cart/v10MfCloudVpcNetworkDelete	[]
get	v10/host/mf_dcim/<id>/real_data	home/v10Cart/v10MfCloudRealData	[]
get	v10/host/mf_dcim/<id>/nat_acl	home/v10Cart/v10MfCloudNatAcl	[]
post	v10/host/mf_dcim/<id>/nat_acl	home/v10Cart/v10MfCloudNatAclPost	[]
delete	v10/host/mf_dcim/<id>/nat_acl	home/v10Cart/v10MfCloudNatAclDelete	[]
get	v10/host/mf_dcim/<id>/nat_web	home/v10Cart/v10MfCloudNatWeb	[]
post	v10/host/mf_dcim/<id>/nat_web	home/v10Cart/v10MfCloudNatWebPost	[]
delete	v10/host/mf_dcim/<id>/nat_web	home/v10Cart/v10MfCloudNatWebDelete	[]
post	v10/host/mf_dcim/<id>/disk/price	home/v10Cart/v10MfCloudDiskPrice	[]
post	v10/host/mf_dcim/<id>/disk/resize	home/v10Cart/v10MfCloudDiskResize	[]
get	v10/host/mf_dcim/<id>/backup_config	home/v10Cart/v10MfCloudBackupConfig	[]
get	v10/host/mf_dcim/<id>/ip_num	home/v10Cart/v10MfCloudIpNum	[]
get	v10/host/mf_dcim/<id>/image/check	home/v10Cart/v10MfCloudImageCheck	[]
get	v10/host/mf_dcim/<id>/common_config	home/v10Cart/v10MfCloudCommonConfig	[]
post	v10/host/mf_dcim/<id>/upgrade/order	home/v10Cart/v10MfCloudUpgradeOrder	[]
get	v10/host/<id>/idcsmart_common/list	home/v10Cart/v10HostList	[]
get	v10/host/<id>/idcsmart_common/configoption	home/v10Cart/v10IdcsmartCommonHostConfigoption	[]
post	v10/host/<id>/idcsmart_common/configoption/chart	home/v10Cart/v10IdcsmartCommonHostChart	[]
post	v10/host/<id>/idcsmart_common/configoption/provision/<func>	home/v10Cart/v10IdcsmartCommonHostProvision	[]
get	v10/host/<id>/idcsmart_common/configoption/area	home/v10Cart/v10IdcsmartCommonHostArea	[]
post	v10/host/<host_id>/idcsmart_common/custom/provision	home/v10Cart/v10IdcsmartCommonHostCustomProvision	[]
get	v10/host/idcsmart_common/<id>/log	home/v10Cart/v10IdcsmartCommonLog	[]
get	v10/host/<host_id>/idcsmart_common/upgrade_config	home/v10Cart/v10IdcsmartCommonUpgradeConfig	[]
post	v10/host/<host_id>/idcsmart_common/upgrade_config	home/v10Cart/v10IdcsmartCommonUpgradeConfigPost	[]
post	v10/host/<host_id>/idcsmart_common/sync_upgrade_config_price	home/v10Cart/v10IdcsmartCommonUpgradeConfig	[]
get	common_list	home/index/common_list	[]
get	login_register_index	home/login/LoginRegisterIndex	[]
post	register_phone_send	home/register/registerPhoneSend	[]
post	register_email_send	home/register/registerEmailSend	[]
post	register_phone	home/register/registerPhone	[]
post	register_email	home/register/registerEmail	[]
post	reset_phone_send	home/register/resetPhoneSend	[]
post	reset_email_send	home/register/resetEmailSend	[]
post	reset_phone	home/register/passPhoneReset	[]
post	reset_email	home/register/passEmailReset	[]
get	wechat_login	home/wechat/index	[]
get	get_wechat_config	home/wechat/get_wechat_config	[]
get	wechat_login_handle	home/wechat/login_handle	[]
get	mobile_login_page	home/login/mobileLoginVerifyPage	[]
post	login_send	home/login/mobileSend	[]
post	mobile_login	home/login/mobileLoginVerify	[]
post	login_pass_phone	home/login/phonePassLogin	[]
post	login_pass_email	home/login/emailLogin	[]
post	zjmf_api_login	home/login/zjmfApiLogin	[]
post	resource_login_supplier	home/login/resourceLogin	[]
*	loginAccessToken	home/ViewClients/loginAccessToken	[]
get	cart/all	home/cart/getProducts	[]
get	cart/get_product_config	home/cart/getProductConfig	[]
get	cart/summary	home/Cart/summary	[]
get	cart/ontrialmax	home/Cart/ontrialAndMax	[]
get	cart/hostinfo	home/Cart/hostInfo	[]
get	cart/credit	home/Cart/getCredit	[]
get	cart/stock_control	home/Cart/getQty	[]
post	cart/resource_product	home/Cart/postResourceProduct	[]
post	cart/createproducts	home/Cart/postCreateProducts	[]
post	cart/productsgroups	home/Cart/postProductGroups	[]
get	cart/global_search	home/cart/globalSearch	[]
get	cart/index	home/cart/index	[]
get	cart/set_config	home/cart/setConfig	[]
get	cart/advanced_config	home/cart/advancedConfig	[]
get	cart/set_config_post	home/cart/setConfigPost	[]
post	cart/get_total	home/cart/getTotal	[]
post	cart/add_to_shop	home/cart/addToShop	[]
post	cart/modify_product_qty	home/cart/modifyProductQty	[]
get	cart/edit_to_shop_page	home/cart/editToShopPage	[]
post	cart/edit_to_shop	home/cart/editToShop	[]
get	cart/get_shop_data	home/cart/getShopDataPage	[]
post	cart/add_promo	home/cart/addPromoToShop	[]
post	cart/remove_promo	home/cart/removePromoToShop	[]
post	cart/remove_product	home/cart/removeProduct	[]
get	cart/shop	home/test/cartPage	[]
get	cart/check_promo_code	home/test/checkPromoCode	[]
get	cart/check_page	home/cart/checkoutPage	[]
get	cart/prolist	home/cart/proList	[]
get	news/<action>	get<action>	[]
post	news/<action>	post<action>	[]
put	news/<action>	put<action>	[]
delete	news/<action>	delete<action>	[]
patch	news/<action>	patch<action>	[]
get	news/list	home/News/getList	[]
get	news/notice	home/News/getNotice	[]
get	news/content	home/News/getContent	[]
get	news/catelist	home/News/getCateList	[]
get	notice/list	home/News/getNoticeList	[]
get	notice/content	home/News/getNoticeContent	[]
get	news/<alias>	home/viewClients/news	[]
get	areas/<pid?>/	home/user/areas	[]
get	country	home/user/country	[]
get	knowledge_base/index	home/knowledge_base/index	[]
post	knowledge_base/search_article	home/knowledge_base/searchArticle	[]
post	knowledge_base/tags_list	home/knowledge_base/tagsList	[]
get	knowledge_base/view_article/<id>	home/knowledge_base/viewArticle	[]
get	sale_list	home/index/SaleList	[]
get	get_saler	home/user/getSaler	[]
post	set_saler	home/user/setSaler	[]
get	dcim/download	home/dcim/download	[]
get	product_list_page	home/login/getProuductlistPage	[]
get	config_general/header	home/index/getHeader	[]
post	upload_image	home/upload/uploadImage	[]
post	home/upload_file	home/upload/uploadFile	[]
get	download/product_file	home/down/productFile	[]
get	download/cates	home/down/cates	[]
post	download/search	home/down/search	[]
get	login/second_verify_page	home/login/getSecondVerifyPage	[]
post	login/second_verify_send	home/login/secondVerifySend	[]
get	cart/market_app	home/cart/getMarketApp	[]
get	oauth	home/oauth/listing	[]
get	oauth/url/<dirName?>	home/oauth/url	[]
get	oauth/callback/<dirName?>	home/oauth/callback	[]
get	oauth/callbackInfo	home/oauth/callbackInfo	[]
post	oauth/bind_login_email	home/oauth/bindLoginEmail	[]
post	oauth/bind_login_phone	home/oauth/bindLoginPhone	[]
post	oauth/bind_email_send	home/oauth/bindEmailSend	[]
post	oauth/bind_phone_send	home/oauth/bindPhoneSend	[]
get	config_general/friendlyLinks	home/index/getFriendlyLinks	[]
get	v10/host/cart/order_page/<id>	home/v10Cart/configure	[]
get	v10/host/product/<id>/mf_cloud/order_page	home/v10Cart/configure	[]
get	v10/host/product/<id>/mf_cloud/image	home/v10Cart/image	[]
post	v10/host/product/<id>/mf_cloud/duration	home/v10Cart/duration	[]
post	login/v10/auth	home/v10Cart/auth	[]
post	product/<id>/config_option	home/v10Cart/moduleCalculatePrice	[]
post	cart/v10/add	home/v10Cart/addToCart	[]
get	cart/v10/edit	home/v10Cart/editToCartPage	[]
post	cart/v10/edit	home/v10Cart/editToCart	[]
get	v10/host/product/<id>/mf_dcim/order_page	home/v10Cart/configure	[]
get	v10/host/product/<id>/mf_dcim/image	home/v10Cart/image	[]
post	v10/host/product/<id>/mf_dcim/duration	home/v10Cart/duration	[]
get	v10/host/product/<id>/mf_dcim/data_center	home/v10Cart/v10DataCenter	[]
post	v10/host/product/<id>/mf_dcim/validate_settle	home/v10Cart/v10ValidateSettle	[]
post	v10/host/<id>/phone/code	home/v10Cart/v10PhoneCode	[]
get	v10/host/product/<id>/mf_cloud/vpc_network/search	home/v10Cart/v10MfCloudVpcNetworkListSearch	[]
get	v10/host/product/<id>/mf_dcim/vpc_network/search	home/v10Cart/v10MfCloudVpcNetworkListSearch	[]
get	v10/host/product/<id>/mf_dcim/package	home/v10Cart/v10MfCloudPackage	[]
get	v10/host/product/<id>/mf_cloud/package	home/v10Cart/v10MfCloudPackage	[]
get	v10/host/product/<id>/self_defined_field/order_page	home/v10Cart/selfDefinedField	[]
get	v10/host/product/<id>/idcsmart_common/configoption	home/v10Cart/v10IdcsmartCommonConfigoption	[]
post	v10/host/product/<id>/idcsmart_common/configoption/calculate	home/v10Cart/v10IdcsmartCommonCalculate	[]
get	product/<product_id>/v10/host/mf_cloud/line/<line_id>	home/v10Cart/v10MfCloudLine	[]
get	product/<product_id>/v10/host/mf_dcim/line/<line_id>	home/v10Cart/v10MfCloudLine	[]
get	aff/<identy?>	home/login/aff	[]
get	provision/custom/content	home/provision/getClientAreaContent	[]
*	demots	home/test/demo_ts	[]
*	shell	home/test/shell_scipt	[]
get	document	openapi/Document/index	[]
get	v1/captcha	openapi/Public/captcha	[]
post	v1/code	openapi/Public/code	[]
post	v1/second_verify	openapi/Public/secondVerify	[]
get	v1/gateway	openapi/Public/gateway	[]
get	v1/login	openapi/Login/loginPage	[]
post	v1/login	openapi/Login/login	[]
post	v1/login_api	openapi/Login/loginAPI	[]
get	v1/register	openapi/Login/registerPage	[]
post	v1/register	openapi/Login/register	[]
get	v1/pwreset	openapi/Login/pwresetPage	[]
post	v1/pwreset	openapi/Login/pwreset	[]
get	v1/goods/<fgid?>/<gid?>/<pid?>	openapi/Cart/goods	[]
get	v1/goodsconfig	openapi/Cart/goodsConfig	[]
post	v1/goods/total	openapi/Cart/goodsTotal	[]
delete	v1/cart/goods/<position>	openapi/Cart/cartRemove	[]
get	v1/cart/goods/<position>	openapi/Cart/cartEditPage	[]
put	v1/cart/goods/<position>	openapi/Cart/cartEdit	[]
put	v1/cart/goods/<position>/qty	openapi/Cart/cartModifyQty	[]
post	v1/cart/goods	openapi/Cart/addGoods	[]
get	v1/products	openapi/Cart/products	[]
get	v1/productsconfig	openapi/Cart/productsConfig	[]
post	v1/products/total	openapi/Cart/productsTotal	[]
get	v1/cart	openapi/Cart/cartPage	[]
delete	v1/cart/products/<position>	openapi/Cart/cartRemove	[]
get	v1/cart/products/<position>	openapi/Cart/cartEditPage	[]
put	v1/cart/products/<position>	openapi/Cart/cartEdit	[]
put	v1/cart/products/<position>/qty	openapi/Cart/cartModifyQty	[]
post	v1/cart/products	openapi/Cart/addProducts	[]
post	v1/cart/promo	openapi/Cart/cartAddPromo	[]
delete	v1/cart/promo	openapi/Cart/cartRemovePromo	[]
get	v1/user	openapi/User/userPage	[]
post	v1/user	openapi/User/user	[]
get	v1/security_info	openapi/User/securityinfo	[]
put	v1/password	openapi/User/password	[]
put	v1/phone_bind	openapi/User/phoneBind	[]
put	v1/email_bind	openapi/User/emailBind	[]
put	v1/login_notice	openapi/User/loginNotice	[]
get	v1/real_name_auth	openapi/User/realNameAuth	[]
post	v1/real_name_auth/person	openapi/User/personRealNameAuth	[]
post	v1/real_name_auth/company	openapi/User/companyRealNameAuth	[]
get	v1/real_name_auth/status	openapi/User/realNameAuthStatus	[]
get	v1/products/cates	openapi/Product/getProductsCates	[]
get	v1/products/cates/<id>	openapi/Product/getProducts	[]
get	v1/products/<id>	openapi/Product/getProductDetail	[]
get	v1/products/<id>/renew	openapi/Product/renewPage	[]
post	v1/products/<id>/renew	openapi/Product/renew	[]
put	v1/products/<id>/renew	openapi/Product/renewAuto	[]
get	v1/products/renew/batch	openapi/Product/renewBatchPage	[]
post	v1/products/renew/batch	openapi/Product/renewBatch	[]
get	v1/products/<id>/actions/upgradeconfig	openapi/Product/upgradeConfigPage	[]
post	v1/products/<id>/actions/upgradeconfig	openapi/Product/upgradeConfig	[]
post	v1/products/<id>/actions/upgradeconfig/checkout	openapi/Product/upgradeConfigCheckout	[]
put	v1/products/<id>/actions/upgradeconfig/promo	openapi/Product/upgradeConfigPromo	[]
delete	v1/products/<id>/actions/upgradeconfig/promo	openapi/Product/upgradeConfigPromoRemove	[]
get	v1/hosts/<id>/actions/upgradeconfig	openapi/Host/upgradeConfigPage	[]
post	v1/hosts/<id>/actions/upgradeconfig	openapi/Host/upgradeConfig	[]
post	v1/hosts/<id>/actions/upgradeconfig/checkout	openapi/Host/upgradeConfigCheckout	[]
get	v1/hosts/cates	openapi/Host/getHostsCates	[]
get	v1/hosts	openapi/Host/getHosts	[]
get	v1/hosts/<id>	openapi/Host/getHostDetail	[]
get	v1/hosts/<id>/logs	openapi/Host/getHostLogs	[]
get	v1/hosts/<id>/downloads	openapi/Host/getHostDownloads	[]
get	v1/hosts/<id>/downloads/<download>	openapi/Host/hostDownloadFile	[]
get	v1/hosts/<id>/renew	openapi/Host/renewPage	[]
post	v1/hosts/<id>/renew	openapi/Host/renew	[]
put	v1/hosts/<id>/renew	openapi/Host/renewAuto	[]
get	v1/hosts/renew/batch	openapi/Host/renewBatchPage	[]
post	v1/hosts/renew/batch	openapi/Host/renewBatch	[]
get	v1/hosts/<id>/cancel	openapi/Host/getCancelPage	[]
post	v1/hosts/<id>/cancel	openapi/Host/postCancel	[]
delete	v1/hosts/<id>/cancel	openapi/Host/deleteCancel	[]
get	v1/hosts/<id>/actions/upgradeconfig/select	openapi/Host/upgradeConfigSelect	[]
put	v1/hosts/<id>/actions/upgradeconfig/promo	openapi/Product/upgradeConfigPromo	[]
delete	v1/hosts/<id>/actions/upgradeconfig/promo	openapi/Host/upgradeConfigPromoRemove	[]
get	v1/hosts/<id>/actions/upgrade	openapi/Host/upgradeHostPage	[]
post	v1/hosts/<id>/actions/upgrade	openapi/Host/upgradeHost	[]
put	v1/hosts/<id>/actions/upgrade/promo	openapi/Host/upgradeHostAddPromo	[]
delete	v1/hosts/<id>/actions/upgrade/promo	openapi/Host/upgradeHostRemovePromo	[]
post	v1/hosts/<id>/actions/upgrade/checkout	openapi/Host/upgradeHostCheckout	[]
get	v1/hosts/<id>/module	openapi/Host/module	[]
put	v1/hosts/<id>/module/repassword	openapi/Host/repassword	[]
get	v1/hosts/<id>/module/reinstall	openapi/Host/getReinstall	[]
put	v1/hosts/<id>/module/reinstall	openapi/Host/reinstall	[]
put	v1/hosts/<id>/module/on	openapi/Host/on	[]
put	v1/hosts/<id>/module/off	openapi/Host/off	[]
put	v1/hosts/<id>/module/reboot	openapi/Host/reboot	[]
put	v1/hosts/<id>/module/hard_off	openapi/Host/hardOff	[]
put	v1/hosts/<id>/module/hard_reboot	openapi/Host/hardReboot	[]
put	v1/hosts/<id>/module/bmc	openapi/Host/bmc	[]
put	v1/hosts/<id>/module/kvm	openapi/Host/kvm	[]
put	v1/hosts/<id>/module/ikvm	openapi/Host/ikvm	[]
put	v1/hosts/<id>/module/vnc	openapi/Host/vnc	[]
put	v1/hosts/<id>/module/rescue	openapi/Host/rescue	[]
get	v1/hosts/<id>/module/charts	openapi/Host/charts	[]
get	v1/hosts/<id>/module/custom	openapi/Host/custom	[]
get	v1/hosts/<id>/module/status	openapi/Host/status	[]
post	v1/hosts/<id>/module/reinstall_buy	openapi/Host/reinstallBuy	[]
get	v1/tickets	openapi/Ticket/getTickets	[]
post	v1/tickets	openapi/Ticket/createTicket	[]
get	v1/tickets/<id>	openapi/Ticket/ticketDetail	[]
post	v1/tickets/<id>/reply	openapi/Ticket/replyTicket	[]
get	v1/tickets/page	openapi/Ticket/getOpenTicketPage	[]
delete	v1/cart/clear	openapi/Cart/cartClear	[]
post	v1/cart/checkout	openapi/Cart/cartCheckout	[]
post	v1/pay	openapi/Pay/pay	[]
post	v1/invoices/<id>/fund	openapi/Pay/fund	[]
delete	v1/invoices/<id>/fund	openapi/Pay/fundDelete	[]
post	v1/invoices/<id>/credit	openapi/Pay/credit	[]
get	v1/invoices/<id>/status	openapi/Pay/status	[]
get	v1/invoices/<id>	openapi/Invoices/invoices	[]
post	v1/invoices/combines	openapi/Invoices/combineInvoices	[]
post	v1/funds	openapi/Invoices/funds	[]
get	v1/funds	openapi/Invoices/fundsInfo	[]
get	v1/transactions/funds	openapi/Invoices/accountsRecord	[]
get	v1/affiliates	openapi/Affiliate/affiliate	[]
put	v1/affiliates	openapi/Affiliate/affiliateActive	[]
post	v1/affiliates/withdraw	openapi/Affiliate/withdraw	[]
get	v1/affiliates/withdraw_record	openapi/Affiliate/withdrawRecord	[]
get	v1/affiliates/record	openapi/Affiliate/affiliateRecord	[]
get	v1/affiliates/user	openapi/Affiliate/user	[]
get	v1/news	openapi/News/news	[]
get	v1/news/<id>	openapi/News/newsContent	[]
get	v1/knowledgebase	openapi/Knowledgebase/knowledgebase	[]
get	v1/knowledgebase/<id>	openapi/Knowledgebase/knowledgebaseContent	[]
get	v1/downloads	openapi/Downloads/getDownloads	[]
get	v1/downloads/<id>	openapi/Downloads/Downloads	[]
get	v1/log/system	openapi/Log/systemLog	[]
get	v1/log/login	openapi/Log/loginLog	[]
get	v1/log/api	openapi/Log/apiLog	[]
get	v1/message	openapi/Message/message	[]
put	v1/message/<id>	openapi/Message/readMessage	[]
delete	v1/message/<id>	openapi/Message/deleteMessage	[]
*	gateway/<_plugin?>/<_controller?>/<_action?>	\cmf\controller\GatewayController@index	[]
*	admin123/addons	\cmf\controller\AddonController@index	[]
*	addons	\cmf\controller\AddonHomeController@index	{"middleware":[["UserCheck",null]]}
*	certification	\cmf\controller\CertificationHomeController@index	{"middleware":[["UserCheck",null]]}
get	new_captcha	\cmf\controller\CaptchaController@index	[]
*	admin123/captcha	\cmf\controller\CustomCaptchaController@index	[]
*	captcha	\cmf\controller\CustomCaptchaHomeController@index	[]
get	admin123/client_group	admin/ClientGroup/index	{"complete_match":true}
post	admin123/client_group	admin/ClientGroup/save	{"complete_match":true}
get	admin123/client_group/create	admin/ClientGroup/create	[]
get	admin123/client_group/<id>/edit	admin/ClientGroup/edit	[]
get	admin123/client_group/<id>	admin/ClientGroup/read	[]
put	admin123/client_group/<id>	admin/ClientGroup/update	[]
delete	admin123/client_group/<id>	admin/ClientGroup/delete	[]
get	admin123/credit	admin/Credit/index	{"complete_match":true}
post	admin123/credit	admin/Credit/save	{"complete_match":true}
get	admin123/credit/create	admin/Credit/create	[]
get	admin123/credit/<id>/edit	admin/Credit/edit	[]
get	admin123/credit/<id>	admin/Credit/read	[]
put	admin123/credit/<id>	admin/Credit/update	[]
delete	admin123/credit/<id>	admin/Credit/delete	[]
get	admin123/user_remark	admin/UserRemark/index	{"complete_match":true}
post	admin123/user_remark	admin/UserRemark/save	{"complete_match":true}
get	admin123/user_remark/create	admin/UserRemark/create	[]
get	admin123/user_remark/<id>/edit	admin/UserRemark/edit	[]
get	admin123/user_remark/<id>	admin/UserRemark/read	[]
put	admin123/user_remark/<id>	admin/UserRemark/update	[]
delete	admin123/user_remark/<id>	admin/UserRemark/delete	[]
get	admin123/advanced_options	admin/AdvancedOptions/index	{"complete_match":true}
post	admin123/advanced_options	admin/AdvancedOptions/save	{"complete_match":true}
get	admin123/advanced_options/<id>/edit	admin/AdvancedOptions/edit	[]
get	admin123/advanced_options/<id>	admin/AdvancedOptions/read	[]
put	admin123/advanced_options/<id>	admin/AdvancedOptions/update	[]
delete	admin123/advanced_options/<id>	admin/AdvancedOptions/delete	[]
get	invoices	home/user_invoice/index	{"complete_match":true}
post	invoices	home/user_invoice/save	{"complete_match":true}
get	invoices/create	home/user_invoice/create	[]
get	invoices/<id>/edit	home/user_invoice/edit	[]
